source,seller,property_type,location_text,province,price_php,lot_area_sqm,floor_area_sqm,tct,sale_type,auction_date,maps_url,image_url,source_url,posted_date,branch
metrobank,Metrobank,Residential With Improvement,"Pavia, Iloilo",Iloilo,792000.0,45.0,40.0,090-2022010962,,,https://www.google.com/maps/search/?api=1&query=Pavia%2C+Iloilo%2C+Philippines,https://metrobank-ropa-prod.s3.ap-southeast-1.amazonaws.com/60809,https://www.metrobank.com.ph/assets-for-sale/properties/details?id=10828000004085,,
lamudi,BPI (Buena Mano),Lot,"Pavia, Iloilo",Iloilo,952000.0,88.0,,,,,https://www.google.com/maps/search/?api=1&query=Pavia%2C+Iloilo%2C+Philippines,https://img.lamudi.com/eyJidWNrZXQiOiJwcmQtbGlmdWxsY29ubmVjdC1iYWNrZW5kLWIyYi1pbWFnZXMiLCJrZXkiOiJpbmdlc3Rlci8wMTlmMTc2YS01NWE1LTc4ZWYtOWJmNC0xYTkwMzgzMDM4NmEvNjEwNTc0NTdjMDY0NzNlOTk0MzUyOTc4NGE2NTU5NGFhZGI2MzZlMmVjNDJkNDkxMzQwNDY2MzQ0NDMwNmE3MS5wbmciLCJicmFuZCI6ImxhbXVkaSIsImVkaXRzIjp7InJvdGF0ZSI6bnVsbCwicmVzaXplIjp7IndpZHRoIjozMjAsImhlaWdodCI6MjQwLCJmaXQiOiJjb3ZlciJ9fX0=,https://www.lamudi.com.ph/property/41032-73-1a90383038b3-55ee-19f17b3-9c3d-7938,,
lamudi,BPI (Buena Mano),Condominium,"Iloilo, Iloilo",Iloilo,1019300.0,,12.0,,,,https://www.google.com/maps/search/?api=1&query=Iloilo%2C+Iloilo%2C+Philippines,https://img.lamudi.com/eyJidWNrZXQiOiJwcmQtbGlmdWxsY29ubmVjdC1iYWNrZW5kLWIyYi1pbWFnZXMiLCJrZXkiOiJpbmdlc3Rlci8wMTlmMjZkOC02NTJiLTc1ZWYtYWFmNC0wMjAwYjlhYTI2MjQvODhjNTAwOWNmOWYzOGVkYTViODIyNTQ4MWVlNzM5YjBiN2NlOGY3NzNiN2NkYWYxNmNlN2I4ZGI1MTY3M2Y3Ny5wbmciLCJicmFuZCI6ImxhbXVkaSIsImVkaXRzIjp7InJvdGF0ZSI6bnVsbCwicmVzaXplIjp7IndpZHRoIjozMjAsImhlaWdodCI6MjQwLCJmaXQiOiJjb3ZlciJ9fX0=,https://www.lamudi.com.ph/property/41032-73-200b9aa266d-6574-19f2721-ab3d-7638,,
lamudi,BPI (Buena Mano),Lot,"Pavia, Iloilo",Iloilo,1119100.0,81.0,,,,,https://www.google.com/maps/search/?api=1&query=Pavia%2C+Iloilo%2C+Philippines,https://img.lamudi.com/eyJidWNrZXQiOiJwcmQtbGlmdWxsY29ubmVjdC1iYWNrZW5kLWIyYi1pbWFnZXMiLCJrZXkiOiJpbmdlc3Rlci8wMTlmMTc2YS0zNDAyLTdlYjQtOTIyOC1hY2Y1NGYzNmIzM2MvMzhmMzc0OWQwZGEzNzU2NzBlMmUwMWY3MWNmNzBkYWY1M2U3MWY0NzQyYjdlOGEyZDZmODM4ZjRmMDIzOTNkMi5wbmciLCJicmFuZCI6ImxhbXVkaSIsImVkaXRzIjp7InJvdGF0ZSI6bnVsbCwicmVzaXplIjp7IndpZHRoIjozMjAsImhlaWdodCI6MjQwLCJmaXQiOiJjb3ZlciJ9fX0=,https://www.lamudi.com.ph/property/41032-73-acf54f36b385-344b-19f17b3-9271-7efd,,
lamudi,My Saving Grace Realty & Development Corp,Lot,"Pavia, Iloilo",Iloilo,1323000.0,67.0,,,,,https://www.google.com/maps/search/?api=1&query=Pavia%2C+Iloilo%2C+Philippines,https://img.lamudi.com/eyJidWNrZXQiOiJwcmQtbGlmdWxsY29ubmVjdC1iYWNrZW5kLWIyYi1pbWFnZXMiLCJrZXkiOiJpbmdlc3Rlci8wMTllNDhiNi0xNGIwLTcyNDktYTA3NC1hM2JlMmMyMjAwYjIvYmJjODUyOTY5YTYyYWQ2MTQ5OWM3MWY2Njc0YmI0NTZlZmY5ODIxMDFiMzcwZDYxM2MxZWVjMTRmMTJmN2IxNS5qcGVnIiwiYnJhbmQiOiJsYW11ZGkiLCJlZGl0cyI6eyJyb3RhdGUiOm51bGwsInJlc2l6ZSI6eyJ3aWR0aCI6MzIwLCJoZWlnaHQiOjI0MCwiZml0IjoiY292ZXIifX19,https://www.lamudi.com.ph/property/41032-73-a3be2c2200fb-14f9-19e48ff-a0bd-7292,,
lamudi,My Saving Grace Realty & Development Corp,House,"Pavia, Iloilo",Iloilo,1500000.0,,40.0,,,,https://www.google.com/maps/search/?api=1&query=Pavia%2C+Iloilo%2C+Philippines,https://img.lamudi.com/eyJidWNrZXQiOiJwcmQtbGlmdWxsY29ubmVjdC1iYWNrZW5kLWIyYi1pbWFnZXMiLCJrZXkiOiJpbmdlc3Rlci8wMTljNTYwMi05ODcxLTdjNmUtOGUwYy0yMTg3NmNmM2VhNmUvOGI2NmRlNGY5NzE3MzdiODIyNGQ2Mjk5YzczY2ZmNWJhNzk4YWJlNjc3YzAwYWJlZjA3ZDE1YzYxZDI5NmIzMS5qcGVnIiwiYnJhbmQiOiJsYW11ZGkiLCJlZGl0cyI6eyJyb3RhdGUiOm51bGwsInJlc2l6ZSI6eyJ3aWR0aCI6MzIwLCJoZWlnaHQiOjI0MCwiZml0IjoiY292ZXIifX19,https://www.lamudi.com.ph/property/41032-73-21876cf3eab7-98ba-19c564b-8e55-7cb7,,
lamudi,My Saving Grace Realty & Development Corp,Lot,"Alimodian, Iloilo",Iloilo,1700000.0,800.0,,,,,https://www.google.com/maps/search/?api=1&query=Alimodian%2C+Iloilo%2C+Philippines,https://img.lamudi.com/eyJidWNrZXQiOiJwcmQtbGlmdWxsY29ubmVjdC1iYWNrZW5kLWIyYi1pbWFnZXMiLCJrZXkiOiJpbmdlc3Rlci8wMTljNTYwZS0yMzMxLTc1YmQtYjk0ZC0zMmY0ZjRhODY2YTAvN2QzNDA2OWQ2ZjUwOTk1ZjE5OGQwNDBjMzYzMGY2M2YzZTQwNDc3MWFlMzEzZmUwYjQ2NDJlNmYxMDY3YTE2Ny5qcGVnIiwiYnJhbmQiOiJsYW11ZGkiLCJlZGl0cyI6eyJyb3RhdGUiOm51bGwsInJlc2l6ZSI6eyJ3aWR0aCI6MzIwLCJoZWlnaHQiOjI0MCwiZml0IjoiY292ZXIifX19,https://www.lamudi.com.ph/property/41032-73-32f4f4a866e9-237a-19c5657-b996-7606,,
lamudi,My Saving Grace Realty & Development Corp,Lot,"Mina, Iloilo",Iloilo,1770000.0,2161.0,,,,,https://www.google.com/maps/search/?api=1&query=Mina%2C+Iloilo%2C+Philippines,https://img.lamudi.com/eyJidWNrZXQiOiJwcmQtbGlmdWxsY29ubmVjdC1iYWNrZW5kLWIyYi1pbWFnZXMiLCJrZXkiOiJpbmdlc3Rlci8wMTljNTYwYi1kYTcyLTcwYjctODFkZS1kZTI3NDkwNzYyNTIvMWU3YTFiOTllZmY4OTlkYTNiYzFhMmQ4OTNkMjNkMWFhMDA3OTAxMDRiODEyMjg5YzlhNzJiYmZiOGJmZmU4Zi5qcGVnIiwiYnJhbmQiOiJsYW11ZGkiLCJlZGl0cyI6eyJyb3RhdGUiOm51bGwsInJlc2l6ZSI6eyJ3aWR0aCI6MzIwLCJoZWlnaHQiOjI0MCwiZml0IjoiY292ZXIifX19,https://www.lamudi.com.ph/property/41032-73-de274907629b-dabb-19c5654-8227-7100,,
lamudi,My Saving Grace Realty & Development Corp,House,"Pavia, Iloilo",Iloilo,1781000.0,,133.0,,,,https://www.google.com/maps/search/?api=1&query=Pavia%2C+Iloilo%2C+Philippines,https://img.lamudi.com/eyJidWNrZXQiOiJwcmQtbGlmdWxsY29ubmVjdC1iYWNrZW5kLWIyYi1pbWFnZXMiLCJrZXkiOiJpbmdlc3Rlci8wMTljNTYwMC1lMTQwLTdiOTUtYjE1Yy0xMWI2OTczMGY2MzYvMzI0OGE5OWVjN2ZmMzcyN2FmOTkyNDQ3YjJjODFjMjIwYWVkNDAwYjAwYmIzODQ0NjgzOTNkZDc1OGI1YjZhYS5qcGVnIiwiYnJhbmQiOiJsYW11ZGkiLCJlZGl0cyI6eyJyb3RhdGUiOm51bGwsInJlc2l6ZSI6eyJ3aWR0aCI6MzIwLCJoZWlnaHQiOjI0MCwiZml0IjoiY292ZXIifX19,https://www.lamudi.com.ph/property/41032-73-11b69730f67f-e189-19c5649-b1a5-7bde,,
lamudi,My Saving Grace Realty & Development Corp,House,"Pavia, Iloilo",Iloilo,1800000.0,,40.0,,,,https://www.google.com/maps/search/?api=1&query=Pavia%2C+Iloilo%2C+Philippines,https://img.lamudi.com/eyJidWNrZXQiOiJwcmQtbGlmdWxsY29ubmVjdC1iYWNrZW5kLWIyYi1pbWFnZXMiLCJrZXkiOiJpbmdlc3Rlci8wMTljNTYwMi0xODFiLTdhOTctYjFhOS1mODc5MTlhZmI5M2YvZWFhMzcxZWU4YTJlYWE1MDYwMjY0MDNlYWE0MDBlYjhlNjZiNmU0YzQ1NTU2MjM2ZmRmZjM3NGY5Y2EyM2RlMy5qcGVnIiwiYnJhbmQiOiJsYW11ZGkiLCJlZGl0cyI6eyJyb3RhdGUiOm51bGwsInJlc2l6ZSI6eyJ3aWR0aCI6MzIwLCJoZWlnaHQiOjI0MCwiZml0IjoiY292ZXIifX19,https://www.lamudi.com.ph/property/41032-73-f87919afb988-1864-19c564b-b1f2-7ae0,,
lamudi,BDO,House,"Pavia, Iloilo",Iloilo,1900000.0,,60.0,,,,https://www.google.com/maps/search/?api=1&query=Pavia%2C+Iloilo%2C+Philippines,https://img.lamudi.com/eyJidWNrZXQiOiJwcmQtbGlmdWxsY29ubmVjdC1iYWNrZW5kLWIyYi1pbWFnZXMiLCJrZXkiOiJpbmdlc3Rlci8wMTlmMDI5Yy0xYzZjLTc0YjMtYTM1NC1iMzA0MjIwZWZkYTUvMmVmYjJmYzBhOWQ5MjZiOTBkMGVlNGRmM2JjZTUyYjhkOTA0NzA0ODJlYTcyOGFiNTJhM2VmYjZjNDk5ZjJjNC5qcGVnIiwiYnJhbmQiOiJsYW11ZGkiLCJlZGl0cyI6eyJyb3RhdGUiOm51bGwsInJlc2l6ZSI6eyJ3aWR0aCI6MzIwLCJoZWlnaHQiOjI0MCwiZml0IjoiY292ZXIifX19,https://www.lamudi.com.ph/property/41032-73-b304220efdee-1cb5-19f02e5-a39d-74fc,,
lamudi,My Saving Grace Realty & Development Corp,House,"Pavia, Iloilo",Iloilo,2000000.0,,46.0,,,,https://www.google.com/maps/search/?api=1&query=Pavia%2C+Iloilo%2C+Philippines,https://img.lamudi.com/eyJidWNrZXQiOiJwcmQtbGlmdWxsY29ubmVjdC1iYWNrZW5kLWIyYi1pbWFnZXMiLCJrZXkiOiJpbmdlc3Rlci8wMTljNTYwMi0xMTgwLTdiMWEtYjJiNi0xYmZhNmIxYzczOWQvMmRmMzA3MzJhYjZlNzUzNGNlNDEzOWM0MGFiZDViY2NkNDZjZTQ3MjA4MGQ0OGVkOTM3NDdhMzdmYmE5YWY2ZC5qcGVnIiwiYnJhbmQiOiJsYW11ZGkiLCJlZGl0cyI6eyJyb3RhdGUiOm51bGwsInJlc2l6ZSI6eyJ3aWR0aCI6MzIwLCJoZWlnaHQiOjI0MCwiZml0IjoiY292ZXIifX19,https://www.lamudi.com.ph/property/41032-73-1bfa6b1c73e6-11c9-19c564b-b2ff-7b63,,
lamudi,BPI (Buena Mano),House,"Iloilo, Iloilo",Iloilo,2250000.0,,79.0,,,,https://www.google.com/maps/search/?api=1&query=Iloilo%2C+Iloilo%2C+Philippines,https://img.lamudi.com/eyJidWNrZXQiOiJwcmQtbGlmdWxsY29ubmVjdC1iYWNrZW5kLWIyYi1pbWFnZXMiLCJrZXkiOiJpbmdlc3Rlci8wMTljMDNhMC0yZmVhLTdkNzYtYTk2Ni1kZmY0NmUxZTA0NzcvZDExNzBiYjcxZjU4MTk1MTg5Y2NiNWFmYjQ5ZmFmNDU4ZDU5MTNhZjMyNTUwNDNiMGQ5MTY2YTIzZjFiYmYyMy5wbmciLCJicmFuZCI6ImxhbXVkaSIsImVkaXRzIjp7InJvdGF0ZSI6bnVsbCwicmVzaXplIjp7IndpZHRoIjozMjAsImhlaWdodCI6MjQwLCJmaXQiOiJjb3ZlciJ9fX0=,https://www.lamudi.com.ph/property/41032-73-dff46e1e04c0-3033-19c03e9-a9af-7dbf,,
lamudi,My Saving Grace Realty & Development Corp,House,"Iloilo, Iloilo",Iloilo,2500000.0,,68.0,,,,https://www.google.com/maps/search/?api=1&query=Iloilo%2C+Iloilo%2C+Philippines,https://img.lamudi.com/eyJidWNrZXQiOiJwcmQtbGlmdWxsY29ubmVjdC1iYWNrZW5kLWIyYi1pbWFnZXMiLCJrZXkiOiJpbmdlc3Rlci8wMTk3NmMzNS1jNTUwLTc1MGYtYjgyNC01OWU3NmRjMjkwMjIvYWMzMmJlODdjYTZmODI0MGNkOGMxM2E3NTQ1YTFlNjQxZWJkNzY0YmJmNGE0MzFiYmRlYWNjYjdkMzIyODc5Yi5qcGVnIiwiYnJhbmQiOiJsYW11ZGkiLCJlZGl0cyI6eyJyb3RhdGUiOm51bGwsInJlc2l6ZSI6eyJ3aWR0aCI6MzIwLCJoZWlnaHQiOjI0MCwiZml0IjoiY292ZXIifX19,https://www.lamudi.com.ph/property/41032-73-59e76dc2906b-c599-1976c7e-b86d-7558,,
lamudi,My Saving Grace Realty & Development Corp,Townhouse,"Iloilo, Iloilo",Iloilo,2650000.0,,68.0,,,,https://www.google.com/maps/search/?api=1&query=Iloilo%2C+Iloilo%2C+Philippines,https://img.lamudi.com/eyJidWNrZXQiOiJwcmQtbGlmdWxsY29ubmVjdC1iYWNrZW5kLWIyYi1pbWFnZXMiLCJrZXkiOiJpbmdlc3Rlci8wMTljNTYwMi1jZjM4LTc0NTYtYTE4Yi0wMmE0ODExYWYyM2QvNjNlNWYxMzY2M2E1NjI4NzQ2MjZlM2Y2YWQyZDVkMjQwODQzODNmOTkwYzRmMjUxNzFiMTRlNDY4ZjFlNGU2Yi5qcGVnIiwiYnJhbmQiOiJsYW11ZGkiLCJlZGl0cyI6eyJyb3RhdGUiOm51bGwsInJlc2l6ZSI6eyJ3aWR0aCI6MzIwLCJoZWlnaHQiOjI0MCwiZml0IjoiY292ZXIifX19,https://www.lamudi.com.ph/property/41032-73-2a4811af286-cf81-19c564b-a1d4-749f,,
lamudi,BPI (Buena Mano),Condominium,"Iloilo, Iloilo",Iloilo,2655000.0,,22.0,,,,https://www.google.com/maps/search/?api=1&query=Iloilo%2C+Iloilo%2C+Philippines,https://img.lamudi.com/eyJidWNrZXQiOiJwcmQtbGlmdWxsY29ubmVjdC1iYWNrZW5kLWIyYi1pbWFnZXMiLCJrZXkiOiJpbmdlc3Rlci8wMTlmMjZkOC03NDgxLTczYzUtODhkYS1iMTI4ZGNjZTk3YWUvMjUyOTlmNzVhNjUyYThmZTU5M2NmYWY2MDc3YmM0MGQyMWRlOTM0YjQ5NDU0MmU1NTYwMjAyOGU1MTA5NGNmYy5wbmciLCJicmFuZCI6ImxhbXVkaSIsImVkaXRzIjp7InJvdGF0ZSI6bnVsbCwicmVzaXplIjp7IndpZHRoIjozMjAsImhlaWdodCI6MjQwLCJmaXQiOiJjb3ZlciJ9fX0=,https://www.lamudi.com.ph/property/41032-73-b128dcce97f7-74ca-19f2721-8923-740e,,
lamudi,BPI (Buena Mano),Condominium,"Iloilo, Iloilo",Iloilo,2799800.0,,22.0,,,,https://www.google.com/maps/search/?api=1&query=Iloilo%2C+Iloilo%2C+Philippines,https://img.lamudi.com/eyJidWNrZXQiOiJwcmQtbGlmdWxsY29ubmVjdC1iYWNrZW5kLWIyYi1pbWFnZXMiLCJrZXkiOiJpbmdlc3Rlci8wMTlmMjZkOC02ZDAzLTdhODUtYmViMC0xMzNlMDM1M2M3MjQvNWQ4Njk2M2E4MjcxYmU5OTcxNDY5NTg1NGMwM2IwNDBkY2RjNDJjMmEzMTE5MzU4OWYxZjU1MGI2OTAyZjcwNy5wbmciLCJicmFuZCI6ImxhbXVkaSIsImVkaXRzIjp7InJvdGF0ZSI6bnVsbCwicmVzaXplIjp7IndpZHRoIjozMjAsImhlaWdodCI6MjQwLCJmaXQiOiJjb3ZlciJ9fX0=,https://www.lamudi.com.ph/property/41032-73-133e0353c76d-6d4c-19f2721-bef9-7ace,,
lamudi,BPI (Buena Mano),House,"Oton, Iloilo",Iloilo,2887000.0,,2.0,,,,https://www.google.com/maps/search/?api=1&query=Oton%2C+Iloilo%2C+Philippines,https://img.lamudi.com/eyJidWNrZXQiOiJwcmQtbGlmdWxsY29ubmVjdC1iYWNrZW5kLWIyYi1pbWFnZXMiLCJrZXkiOiJpbmdlc3Rlci8wMTlmMTc2YS0yMDdjLTdlNTgtOWQyOS0xZjYyMjQ3ZDg5ZGYvOGFmNTI2YmE5NDM1NDg0ZmZmMjMyZWRmZTU3MWFlN2I2YzYwNzg3ZjM2MWRiNjcxMjgzOTMwY2UzZWMyMzJjMy5wbmciLCJicmFuZCI6ImxhbXVkaSIsImVkaXRzIjp7InJvdGF0ZSI6bnVsbCwicmVzaXplIjp7IndpZHRoIjozMjAsImhlaWdodCI6MjQwLCJmaXQiOiJjb3ZlciJ9fX0=,https://www.lamudi.com.ph/property/41032-73-1f62247d8a28-20c5-19f17b3-9d72-7ea1,,
lamudi,BPI (Buena Mano),Condominium,"Iloilo, Iloilo",Iloilo,3013500.0,,24.0,,,,https://www.google.com/maps/search/?api=1&query=Iloilo%2C+Iloilo%2C+Philippines,https://img.lamudi.com/eyJidWNrZXQiOiJwcmQtbGlmdWxsY29ubmVjdC1iYWNrZW5kLWIyYi1pbWFnZXMiLCJrZXkiOiJpbmdlc3Rlci8wMTlmMjZkOC05YmIwLTdjNWUtODE3Zi03YjM5YTVmYjQ0M2EvZmE4OGUwZDQ3OTA0ZGUzMzAyNmI1YTI3N2M3ZjU2MTVkY2Y2ZTE5NjgzODRjYjRmZDE3NTM5ODQ1ZjM2OWVjOS5wbmciLCJicmFuZCI6ImxhbXVkaSIsImVkaXRzIjp7InJvdGF0ZSI6bnVsbCwicmVzaXplIjp7IndpZHRoIjozMjAsImhlaWdodCI6MjQwLCJmaXQiOiJjb3ZlciJ9fX0=,https://www.lamudi.com.ph/property/41032-73-7b39a5fb4483-9bf9-19f2721-81c8-7ca7,,
lamudi,My Saving Grace Realty & Development Corp,House,"Iloilo, Iloilo",Iloilo,3070000.0,,72.0,,,,https://www.google.com/maps/search/?api=1&query=Iloilo%2C+Iloilo%2C+Philippines,https://img.lamudi.com/eyJidWNrZXQiOiJwcmQtbGlmdWxsY29ubmVjdC1iYWNrZW5kLWIyYi1pbWFnZXMiLCJrZXkiOiJpbmdlc3Rlci8wMTk3OWNiMy1kNGI3LTcyZGMtOTVkNS1lNmFmYWY2ZGExYjgvMzQ3Mjc5ZDU3NjZkMThmYWJlNGU3YzcxYzQ5MzczYjg4YzkwNTI1NGQxOGEyOTUwMmJhYjkwNGFkMDA5ZTU4ZS5qcGVnIiwiYnJhbmQiOiJsYW11ZGkiLCJlZGl0cyI6eyJyb3RhdGUiOm51bGwsInJlc2l6ZSI6eyJ3aWR0aCI6MzIwLCJoZWlnaHQiOjI0MCwiZml0IjoiY292ZXIifX19,https://www.lamudi.com.ph/property/41032-73-e6afaf6da201-d500-1979cfc-961e-7325,,
lamudi,BPI (Buena Mano),Condominium,"Iloilo, Iloilo",Iloilo,3156100.0,,24.0,,,,https://www.google.com/maps/search/?api=1&query=Iloilo%2C+Iloilo%2C+Philippines,https://img.lamudi.com/eyJidWNrZXQiOiJwcmQtbGlmdWxsY29ubmVjdC1iYWNrZW5kLWIyYi1pbWFnZXMiLCJrZXkiOiJpbmdlc3Rlci8wMTlmMjZkOC1hMzgzLTdlNWMtOWNjNi1hYzJkZDdlYTg1MWMvZTIwNGEzYmIyNTcyZmQ0YmEwNzIzNTRiNzAxYmIzYWRjNmM3M2NmOTJlMzFlOTNlZGQ2YmMzMThjMjJkMTJmMC5wbmciLCJicmFuZCI6ImxhbXVkaSIsImVkaXRzIjp7InJvdGF0ZSI6bnVsbCwicmVzaXplIjp7IndpZHRoIjozMjAsImhlaWdodCI6MjQwLCJmaXQiOiJjb3ZlciJ9fX0=,https://www.lamudi.com.ph/property/41032-73-ac2dd7ea8565-a3cc-19f2721-9d0f-7ea5,,
lamudi,BDO,House,"Oton, Iloilo",Iloilo,3311000.0,,60.0,,,,https://www.google.com/maps/search/?api=1&query=Oton%2C+Iloilo%2C+Philippines,https://img.lamudi.com/eyJidWNrZXQiOiJwcmQtbGlmdWxsY29ubmVjdC1iYWNrZW5kLWIyYi1pbWFnZXMiLCJrZXkiOiJpbmdlc3Rlci8wMTliOTdhNS1kZDFmLTc3OTctYTRlNC1mMzA5YzZmMjRmZWMvOTMzYTJjZjRmMzRiYTE2MDY5OGI0ODRkZGZiNTMzM2E2NWQ3MDFhNDQyNzFhYmRlZTI1MzJlZWJkNTFlMWI2ZC5qcGVnIiwiYnJhbmQiOiJsYW11ZGkiLCJlZGl0cyI6eyJyb3RhdGUiOm51bGwsInJlc2l6ZSI6eyJ3aWR0aCI6MzIwLCJoZWlnaHQiOjI0MCwiZml0IjoiY292ZXIifX19,https://www.lamudi.com.ph/property/41032-73-f309c6f25035-dd68-19b97ee-a52d-77e0,,
lamudi,BPI (Buena Mano),Condominium,"Iloilo, Iloilo",Iloilo,3331000.0,,23.0,,,,https://www.google.com/maps/search/?api=1&query=Iloilo%2C+Iloilo%2C+Philippines,https://img.lamudi.com/eyJidWNrZXQiOiJwcmQtbGlmdWxsY29ubmVjdC1iYWNrZW5kLWIyYi1pbWFnZXMiLCJrZXkiOiJpbmdlc3Rlci8wMTlmMjZkOC03YjQ0LTdjNDctOGI0Yi0zZmUzMWI4OWVkOTUvYjFhNmEyNmFjZmZlYjI1YzcyMWVkYjI0YzA3ZDQzMWUzZmY5ZDVhYjZiZDRiOWY1ZjE5NmEzMzk2Y2IyZDczYy5wbmciLCJicmFuZCI6ImxhbXVkaSIsImVkaXRzIjp7InJvdGF0ZSI6bnVsbCwicmVzaXplIjp7IndpZHRoIjozMjAsImhlaWdodCI6MjQwLCJmaXQiOiJjb3ZlciJ9fX0=,https://www.lamudi.com.ph/property/41032-73-3fe31b89edde-7b8d-19f2721-8b94-7c90,,
lamudi,BPI (Buena Mano),House,"Iloilo, Iloilo",Iloilo,3400000.0,,89.0,,,,https://www.google.com/maps/search/?api=1&query=Iloilo%2C+Iloilo%2C+Philippines,https://img.lamudi.com/eyJidWNrZXQiOiJwcmQtbGlmdWxsY29ubmVjdC1iYWNrZW5kLWIyYi1pbWFnZXMiLCJrZXkiOiJpbmdlc3Rlci8wMTljMDNhOS02YjlmLTc2ZGEtODA5OS03MTIxMDc3MzhhMjYvNzkxMjU2MTg5NTg2Zjc2ZDIxYmJhYTAwNTNhYmViZTEzYmNiZTc4OTAzZjMxZTU2NDZhNWQ3ODBiMDg3Y2MzNi5wbmciLCJicmFuZCI6ImxhbXVkaSIsImVkaXRzIjp7InJvdGF0ZSI6bnVsbCwicmVzaXplIjp7IndpZHRoIjozMjAsImhlaWdodCI6MjQwLCJmaXQiOiJjb3ZlciJ9fX0=,https://www.lamudi.com.ph/property/41032-73-712107738a6f-6be8-19c03f2-80e2-7723,,
lamudi,BPI (Buena Mano),House,"Iloilo, Iloilo",Iloilo,3500000.0,,93.0,,,,https://www.google.com/maps/search/?api=1&query=Iloilo%2C+Iloilo%2C+Philippines,https://img.lamudi.com/eyJidWNrZXQiOiJwcmQtbGlmdWxsY29ubmVjdC1iYWNrZW5kLWIyYi1pbWFnZXMiLCJrZXkiOiJpbmdlc3Rlci8wMTljMDM5Yy1hNmExLTcwMDAtYWM2ZC1hNWNmNTE0ZGU4NTcvMzEzZDgwNjU2N2M1MjVhM2QzYTkxMDA2ZTU4ZjFiNTViMmQ2ZGFhZTEyZjRjNTE2MjZhMDUwMTEzODMzOTQ0Yy5wbmciLCJicmFuZCI6ImxhbXVkaSIsImVkaXRzIjp7InJvdGF0ZSI6bnVsbCwicmVzaXplIjp7IndpZHRoIjozMjAsImhlaWdodCI6MjQwLCJmaXQiOiJjb3ZlciJ9fX0=,https://www.lamudi.com.ph/property/41032-73-a5cf514de8a0-a6ea-19c03e5-acb6-7049,,
lamudi,BPI (Buena Mano),House,"Pavia, Iloilo",Iloilo,3500000.0,,46.0,,,,https://www.google.com/maps/search/?api=1&query=Pavia%2C+Iloilo%2C+Philippines,https://img.lamudi.com/eyJidWNrZXQiOiJwcmQtbGlmdWxsY29ubmVjdC1iYWNrZW5kLWIyYi1pbWFnZXMiLCJrZXkiOiJpbmdlc3Rlci8wMTljMDM5Yy1iMDM1LTdjZDItYjNhYy02ZDAzY2UwZDc1NTcvNTU0YTYwYzY4MTNkODA2MzllYzUwNjc3YmM5ZmE2MDViOGU3NzQ1M2EzNDRkMGI1MTQwNjc2M2YyMjQwNjQ4Zi5wbmciLCJicmFuZCI6ImxhbXVkaSIsImVkaXRzIjp7InJvdGF0ZSI6bnVsbCwicmVzaXplIjp7IndpZHRoIjozMjAsImhlaWdodCI6MjQwLCJmaXQiOiJjb3ZlciJ9fX0=,https://www.lamudi.com.ph/property/41032-73-6d03ce0d75a0-b07e-19c03e5-b3f5-7d1b,,
lamudi,BPI (Buena Mano),Townhouse,"Pavia, Iloilo",Iloilo,3642300.0,,50.0,,,,https://www.google.com/maps/search/?api=1&query=Pavia%2C+Iloilo%2C+Philippines,https://img.lamudi.com/eyJidWNrZXQiOiJwcmQtbGlmdWxsY29ubmVjdC1iYWNrZW5kLWIyYi1pbWFnZXMiLCJrZXkiOiJpbmdlc3Rlci8wMTlmMTc2YS00OGMwLTdkM2QtYmZiOS1hMzMxYmFlY2I1OGYvOGFjMDI4MGI3M2ZjZGY4N2VjZjU1NTA4ZTM3ZTY5MGUyMWZjN2EyMjU0NDNiNjU2NWExNzEzYzExMzZlNjMzNS5wbmciLCJicmFuZCI6ImxhbXVkaSIsImVkaXRzIjp7InJvdGF0ZSI6bnVsbCwicmVzaXplIjp7IndpZHRoIjozMjAsImhlaWdodCI6MjQwLCJmaXQiOiJjb3ZlciJ9fX0=,https://www.lamudi.com.ph/property/41032-73-a331baecb5d8-4909-19f17b3-c002-7d86,,
lamudi,BPI (Buena Mano),Lot,"Pavia, Iloilo",Iloilo,3668600.0,110.0,,,,,https://www.google.com/maps/search/?api=1&query=Pavia%2C+Iloilo%2C+Philippines,https://img.lamudi.com/eyJidWNrZXQiOiJwcmQtbGlmdWxsY29ubmVjdC1iYWNrZW5kLWIyYi1pbWFnZXMiLCJrZXkiOiJpbmdlc3Rlci8wMTlmMTc2YS0yYWFlLTdkM2ItYjA2Ni0zY2VjMDI3NzQwMzgvNTVhMjQxODgxYzBmYjExMGZiYTQ4YjhhNmZhOWY5MjVlNGY2NzUyYmZkYjU0NTAwMzcxYmYwMTczNzliYjFjMy5wbmciLCJicmFuZCI6ImxhbXVkaSIsImVkaXRzIjp7InJvdGF0ZSI6bnVsbCwicmVzaXplIjp7IndpZHRoIjozMjAsImhlaWdodCI6MjQwLCJmaXQiOiJjb3ZlciJ9fX0=,https://www.lamudi.com.ph/property/41032-73-3cec02774081-2af7-19f17b3-b0af-7d84,,
lamudi,BPI (Buena Mano),House,"Pavia, Iloilo",Iloilo,3668600.0,,,,,,https://www.google.com/maps/search/?api=1&query=Pavia%2C+Iloilo%2C+Philippines,https://img.lamudi.com/eyJidWNrZXQiOiJwcmQtbGlmdWxsY29ubmVjdC1iYWNrZW5kLWIyYi1pbWFnZXMiLCJrZXkiOiJpbmdlc3Rlci8wMTlmMTc2YS0zYzBmLTc1ZjMtYTdmMC0zYjk4ZTAyMDQ5NjEvZDRkNTUyOGVkNmY0NzcyOTQ5NGNlOTg5MzkzMzM3ZTFhMmJlMjhmNDIwZTg1ZjFjNDgwOTZhOWJkM2RhNWI3OC5wbmciLCJicmFuZCI6ImxhbXVkaSIsImVkaXRzIjp7InJvdGF0ZSI6bnVsbCwicmVzaXplIjp7IndpZHRoIjozMjAsImhlaWdodCI6MjQwLCJmaXQiOiJjb3ZlciJ9fX0=,https://www.lamudi.com.ph/property/41032-73-3b98e02049aa-3c58-19f17b3-a839-763c,,
lamudi,BDO,House,"Oton, Iloilo",Iloilo,3777800.0,,72.0,,,,https://www.google.com/maps/search/?api=1&query=Oton%2C+Iloilo%2C+Philippines,https://img.lamudi.com/eyJidWNrZXQiOiJwcmQtbGlmdWxsY29ubmVjdC1iYWNrZW5kLWIyYi1pbWFnZXMiLCJrZXkiOiJpbmdlc3Rlci8wMTliOTc3My01NTA4LTcxMTYtYmYzNS1iOGE5MzQ5OTM1NGUvZjkyZDUxNTdkMzZmYTQyOTA1MmNkMDZkMTZjMzE5ZjAzZDIwYzJlNDY1N2JlYmYyYmJjMzAwZDA1MTU2MTI4Yy5wbmciLCJicmFuZCI6ImxhbXVkaSIsImVkaXRzIjp7InJvdGF0ZSI6bnVsbCwicmVzaXplIjp7IndpZHRoIjozMjAsImhlaWdodCI6MjQwLCJmaXQiOiJjb3ZlciJ9fX0=,https://www.lamudi.com.ph/property/41032-73-b8a934993597-5551-19b97bc-bf7e-715f,,
lamudi,My Saving Grace Realty & Development Corp,Lot,"Iloilo, Iloilo",Iloilo,4304300.0,946.0,,,,,https://www.google.com/maps/search/?api=1&query=Iloilo%2C+Iloilo%2C+Philippines,https://img.lamudi.com/eyJidWNrZXQiOiJwcmQtbGlmdWxsY29ubmVjdC1iYWNrZW5kLWIyYi1pbWFnZXMiLCJrZXkiOiJpbmdlc3Rlci8wMTljNTVmOS0wZjA1LTc3NmQtYWY0Yy0zNzg5ZTNiZTE4MGMvZDVmOGY0YWRiZjQ5OWI0MzI0YjdmMWUxNDFkMjFlYjE5MDY5ZWJkODAwZDU5NmU1MGUxNTE1YjM1NWFkYmEwNC5qcGVnIiwiYnJhbmQiOiJsYW11ZGkiLCJlZGl0cyI6eyJyb3RhdGUiOm51bGwsInJlc2l6ZSI6eyJ3aWR0aCI6MzIwLCJoZWlnaHQiOjI0MCwiZml0IjoiY292ZXIifX19,https://www.lamudi.com.ph/property/41032-73-3789e3be1855-f4e-19c5642-af95-77b6,,
lamudi,BPI (Buena Mano),House,"Iloilo, Iloilo",Iloilo,4528800.0,,218.0,,,,https://www.google.com/maps/search/?api=1&query=Iloilo%2C+Iloilo%2C+Philippines,https://img.lamudi.com/eyJidWNrZXQiOiJwcmQtbGlmdWxsY29ubmVjdC1iYWNrZW5kLWIyYi1pbWFnZXMiLCJrZXkiOiJpbmdlc3Rlci8wMTlmMTc2YS1hNWFkLTdhYzEtYjYxNi04MTBmM2QwYTc0MDgvZGQ0OGU0YzM5ZGRiYzVlMzE2YzJlZGY4M2FlYWMzMWUyNmJlN2NkYjcxMmRhNmRjMGU0NzczYTA1ZTMyMDNmZC5wbmciLCJicmFuZCI6ImxhbXVkaSIsImVkaXRzIjp7InJvdGF0ZSI6bnVsbCwicmVzaXplIjp7IndpZHRoIjozMjAsImhlaWdodCI6MjQwLCJmaXQiOiJjb3ZlciJ9fX0=,https://www.lamudi.com.ph/property/41032-73-810f3d0a7451-a5f6-19f17b3-b65f-7b0a,,
lamudi,BPI (Buena Mano),House,"Pavia, Iloilo",Iloilo,4600000.0,,103.0,,,,https://www.google.com/maps/search/?api=1&query=Pavia%2C+Iloilo%2C+Philippines,https://img.lamudi.com/eyJidWNrZXQiOiJwcmQtbGlmdWxsY29ubmVjdC1iYWNrZW5kLWIyYi1pbWFnZXMiLCJrZXkiOiJpbmdlc3Rlci8wMTljMDNhOC0xZTllLTcyZmItODkwZC0xNTI3ZjAyNzg5YWIvZmI4Mzk3OWE0ZDQ5YWQyZDEzZTdiODJiMTFmZDVlNmFiN2Q1YmZiNjU4N2Q4Mzg4ZWM5ODY3ODJhODE5ZmUwYy5wbmciLCJicmFuZCI6ImxhbXVkaSIsImVkaXRzIjp7InJvdGF0ZSI6bnVsbCwicmVzaXplIjp7IndpZHRoIjozMjAsImhlaWdodCI6MjQwLCJmaXQiOiJjb3ZlciJ9fX0=,https://www.lamudi.com.ph/property/41032-73-1527f02789f4-1ee7-19c03f1-8956-7344,,
lamudi,BPI (Buena Mano),Condominium,"Iloilo, Iloilo",Iloilo,5062800.0,,38.0,,,,https://www.google.com/maps/search/?api=1&query=Iloilo%2C+Iloilo%2C+Philippines,https://img.lamudi.com/eyJidWNrZXQiOiJwcmQtbGlmdWxsY29ubmVjdC1iYWNrZW5kLWIyYi1pbWFnZXMiLCJrZXkiOiJpbmdlc3Rlci8wMTlmMjZkOC1iOWQ5LTdkZDgtOWMxZS0xZGIxMmVlNjEzMmMvMmVlMDhiMGMyYmJlNjQ1YTdjNGY3ODJjYWMyZjNjYWE1MjNiY2NhMTMwMDYxN2Y5MjcwMWIwODhhYjYxZDFkOC5wbmciLCJicmFuZCI6ImxhbXVkaSIsImVkaXRzIjp7InJvdGF0ZSI6bnVsbCwicmVzaXplIjp7IndpZHRoIjozMjAsImhlaWdodCI6MjQwLCJmaXQiOiJjb3ZlciJ9fX0=,https://www.lamudi.com.ph/property/41032-73-1db12ee61375-ba22-19f2721-9c67-7e21,,
lamudi,BPI (Buena Mano),Condominium,"Iloilo, Iloilo",Iloilo,5174100.0,,37.0,,,,https://www.google.com/maps/search/?api=1&query=Iloilo%2C+Iloilo%2C+Philippines,https://img.lamudi.com/eyJidWNrZXQiOiJwcmQtbGlmdWxsY29ubmVjdC1iYWNrZW5kLWIyYi1pbWFnZXMiLCJrZXkiOiJpbmdlc3Rlci8wMTlmMjZkOC04Mzg4LTc4ZGEtYWUzMS0yYjFjMDhjYTcxYjYvZGYyZDY2OWNlOGM4MmY2YjYxNzM5ZWVmNmQ3YWM2NjMxN2IwNDNiMDQ2ZjMzZDMxYjBhOWQyYjg3MGM4ZWIwMC5wbmciLCJicmFuZCI6ImxhbXVkaSIsImVkaXRzIjp7InJvdGF0ZSI6bnVsbCwicmVzaXplIjp7IndpZHRoIjozMjAsImhlaWdodCI6MjQwLCJmaXQiOiJjb3ZlciJ9fX0=,https://www.lamudi.com.ph/property/41032-73-2b1c08ca71ff-83d1-19f2721-ae7a-7923,,
lamudi,BPI (Buena Mano),Condominium,"Iloilo, Iloilo",Iloilo,5241400.0,,37.0,,,,https://www.google.com/maps/search/?api=1&query=Iloilo%2C+Iloilo%2C+Philippines,https://img.lamudi.com/eyJidWNrZXQiOiJwcmQtbGlmdWxsY29ubmVjdC1iYWNrZW5kLWIyYi1pbWFnZXMiLCJrZXkiOiJpbmdlc3Rlci8wMTlmMjZkOC05MzkyLTczNmItYjIwYS1hMDY2NDIzYWI3NzcvN2JlNDZlMjNhMTkxNmViNTA1MzU4ZTgyYTUzNTBhNmYwZmYxZDNmOWRiMzY1YjE1OTg2ODA1MDFhYWQwOTQyYS5wbmciLCJicmFuZCI6ImxhbXVkaSIsImVkaXRzIjp7InJvdGF0ZSI6bnVsbCwicmVzaXplIjp7IndpZHRoIjozMjAsImhlaWdodCI6MjQwLCJmaXQiOiJjb3ZlciJ9fX0=,https://www.lamudi.com.ph/property/41032-73-a066423ab7c0-93db-19f2721-b253-73b4,,
lamudi,BPI (Buena Mano),House,"Oton, Iloilo",Iloilo,5440000.0,,171.0,,,,https://www.google.com/maps/search/?api=1&query=Oton%2C+Iloilo%2C+Philippines,https://img.lamudi.com/eyJidWNrZXQiOiJwcmQtbGlmdWxsY29ubmVjdC1iYWNrZW5kLWIyYi1pbWFnZXMiLCJrZXkiOiJpbmdlc3Rlci8wMTljMDNhNy03ZjYwLTcyNjYtOTIxMi1mNGE1ZjI5OGVmZDIvZjI1ZmE3ZmRhZmI4N2M5ZjFiZmU1YmZhYTE2NDE3NjhlN2Q2OWE4NGI0MTdhNGIxNDNmNDU0MzcxNDRmOGM1MS5wbmciLCJicmFuZCI6ImxhbXVkaSIsImVkaXRzIjp7InJvdGF0ZSI6bnVsbCwicmVzaXplIjp7IndpZHRoIjozMjAsImhlaWdodCI6MjQwLCJmaXQiOiJjb3ZlciJ9fX0=,https://www.lamudi.com.ph/property/41032-73-f4a5f298f01b-7fa9-19c03f0-925b-72af,,
lamudi,My Saving Grace Realty & Development Corp,House,"Iloilo, Iloilo",Iloilo,5500000.0,,118.0,,,,https://www.google.com/maps/search/?api=1&query=Iloilo%2C+Iloilo%2C+Philippines,https://img.lamudi.com/eyJidWNrZXQiOiJwcmQtbGlmdWxsY29ubmVjdC1iYWNrZW5kLWIyYi1pbWFnZXMiLCJrZXkiOiJpbmdlc3Rlci8wMTljNTYwMy0wZGNhLTc1NzAtYmFjZC1kMTUwNzg3MzI2MzEvYmRhOTI3MzliZDBhNWU3ZTFiNDRkYTRiNGEwMDkxN2NhMWU2Y2MyOGJmZDI1YzQ5OGM3M2I1ZmY3MTU5MGRjYy5qcGVnIiwiYnJhbmQiOiJsYW11ZGkiLCJlZGl0cyI6eyJyb3RhdGUiOm51bGwsInJlc2l6ZSI6eyJ3aWR0aCI6MzIwLCJoZWlnaHQiOjI0MCwiZml0IjoiY292ZXIifX19,https://www.lamudi.com.ph/property/41032-73-d1507873267a-e13-19c564c-bb16-75b9,,
lamudi,My Saving Grace Realty & Development Corp,House,"Iloilo, Iloilo",Iloilo,5520000.0,,128.0,,,,https://www.google.com/maps/search/?api=1&query=Iloilo%2C+Iloilo%2C+Philippines,https://img.lamudi.com/eyJidWNrZXQiOiJwcmQtbGlmdWxsY29ubmVjdC1iYWNrZW5kLWIyYi1pbWFnZXMiLCJrZXkiOiJpbmdlc3Rlci8wMTk5NWQyNy0wNjJkLTc2NWQtOTIyNC05MDkyNjI4ZjExZmYvMzMzYjAzZmNjNDRhOWI0MzdjZDAxMjdjMjFlMGVlNzI2MzkyYTRmY2E4MGY3ODMyZjhlN2MyNjIyYmU0ZTkwYy5qcGVnIiwiYnJhbmQiOiJsYW11ZGkiLCJlZGl0cyI6eyJyb3RhdGUiOm51bGwsInJlc2l6ZSI6eyJ3aWR0aCI6MzIwLCJoZWlnaHQiOjI0MCwiZml0IjoiY292ZXIifX19,https://www.lamudi.com.ph/property/41032-73-9092628f1248-676-1995d70-926d-76a6,,
lamudi,BPI (Buena Mano),Condominium,"Iloilo, Iloilo",Iloilo,6011800.0,,43.0,,,,https://www.google.com/maps/search/?api=1&query=Iloilo%2C+Iloilo%2C+Philippines,https://img.lamudi.com/eyJidWNrZXQiOiJwcmQtbGlmdWxsY29ubmVjdC1iYWNrZW5kLWIyYi1pbWFnZXMiLCJrZXkiOiJpbmdlc3Rlci8wMTlmMjZkOC04YjI2LTdkYzgtOTU1YS1jYjlkOTczZTE2MDIvNzNmNjdhOWY0MDVlYjgzZjgyYmZkYTgwZjc2MWEyMDUzZWIzODI0MmM1NWE4ZWViZTU1NWYxMDA0MmYzYTZmOS5wbmciLCJicmFuZCI6ImxhbXVkaSIsImVkaXRzIjp7InJvdGF0ZSI6bnVsbCwicmVzaXplIjp7IndpZHRoIjozMjAsImhlaWdodCI6MjQwLCJmaXQiOiJjb3ZlciJ9fX0=,https://www.lamudi.com.ph/property/41032-73-cb9d973e164b-8b6f-19f2721-95a3-7e11,,
lamudi,BDO,Condominium,"Iloilo, Iloilo",Iloilo,6135000.0,,40.0,,,,https://www.google.com/maps/search/?api=1&query=Iloilo%2C+Iloilo%2C+Philippines,https://img.lamudi.com/eyJidWNrZXQiOiJwcmQtbGlmdWxsY29ubmVjdC1iYWNrZW5kLWIyYi1pbWFnZXMiLCJrZXkiOiJpbmdlc3Rlci8wMTlkZjZkMi05M2MwLTcxY2UtOGNhZC01OTM1N2Q4YzQyYWUvYzE3Yjk4OWVjMGE4YWQ2ZWE2MTA0ZWRkM2I0MWMyYjE3MzU3YjdjM2FjNTUwYjI3NDUxMWEyZTJhODYwYTBkZC5qcGVnIiwiYnJhbmQiOiJsYW11ZGkiLCJlZGl0cyI6eyJyb3RhdGUiOm51bGwsInJlc2l6ZSI6eyJ3aWR0aCI6MzIwLCJoZWlnaHQiOjI0MCwiZml0IjoiY292ZXIifX19,https://www.lamudi.com.ph/property/41032-73-59357d8c42f7-9409-19df71b-8cf6-7217,,
lamudi,My Saving Grace Realty & Development Corp,Lot,"Iloilo, Iloilo",Iloilo,7785340.0,2272.0,,,,,https://www.google.com/maps/search/?api=1&query=Iloilo%2C+Iloilo%2C+Philippines,https://img.lamudi.com/eyJidWNrZXQiOiJwcmQtbGlmdWxsY29ubmVjdC1iYWNrZW5kLWIyYi1pbWFnZXMiLCJrZXkiOiJpbmdlc3Rlci8wMTljNTYwMC04MjYwLTc3ZGMtYWYyMC04OGFlMDFiZWM1NGQvMzAzNjFkNzA2ZTFkMjczZmMyODZiNTM0M2EzZDY5ZjA4ZGFlNTU2YmFmYjM3MGU0M2UyZGJmMGYwZmRhYTM0Zi5qcGVnIiwiYnJhbmQiOiJsYW11ZGkiLCJlZGl0cyI6eyJyb3RhdGUiOm51bGwsInJlc2l6ZSI6eyJ3aWR0aCI6MzIwLCJoZWlnaHQiOjI0MCwiZml0IjoiY292ZXIifX19,https://www.lamudi.com.ph/property/41032-73-88ae01bec596-82a9-19c5649-af69-7825,,
lamudi,My Saving Grace Realty & Development Corp,Lot,"Iloilo, Iloilo",Iloilo,7858000.0,400.0,,,,,https://www.google.com/maps/search/?api=1&query=Iloilo%2C+Iloilo%2C+Philippines,https://img.lamudi.com/eyJidWNrZXQiOiJwcmQtbGlmdWxsY29ubmVjdC1iYWNrZW5kLWIyYi1pbWFnZXMiLCJrZXkiOiJpbmdlc3Rlci8wMTk3NmMwYi1mMDhkLTdiNWUtYjMxYS05MDM0NDVlMGI2MmIvODRiYzlhN2QzM2U3NTgyYWI1Y2Q3N2RhODA2ZDBmOGFjNDBmYzE5MWMzZDRiMzk3N2E2YzhkYmEzOTU4ZDAyYi5qcGVnIiwiYnJhbmQiOiJsYW11ZGkiLCJlZGl0cyI6eyJyb3RhdGUiOm51bGwsInJlc2l6ZSI6eyJ3aWR0aCI6MzIwLCJoZWlnaHQiOjI0MCwiZml0IjoiY292ZXIifX19,https://www.lamudi.com.ph/property/41032-73-903445e0b674-f0d6-1976c54-b363-7ba7,,
lamudi,My Saving Grace Realty & Development Corp,Lot,"Oton, Iloilo",Iloilo,8325000.0,323.0,,,,,https://www.google.com/maps/search/?api=1&query=Oton%2C+Iloilo%2C+Philippines,https://img.lamudi.com/eyJidWNrZXQiOiJwcmQtbGlmdWxsY29ubmVjdC1iYWNrZW5kLWIyYi1pbWFnZXMiLCJrZXkiOiJpbmdlc3Rlci8wMTljNTYwMS01ODIyLTc2ZDMtOWE3My0xY2Y2ZTU4M2UyMmYvNGFmZjk1YzYxNWIyMmIzMzFmMzAwYTdjNTI5NzAyNTJmOTNhZDdhOTkyOWRiMmRlNDQ1NjhlNDNlMTZlM2NmNy5qcGVnIiwiYnJhbmQiOiJsYW11ZGkiLCJlZGl0cyI6eyJyb3RhdGUiOm51bGwsInJlc2l6ZSI6eyJ3aWR0aCI6MzIwLCJoZWlnaHQiOjI0MCwiZml0IjoiY292ZXIifX19,https://www.lamudi.com.ph/property/41032-73-1cf6e583e278-586b-19c564a-9abc-771c,,
lamudi,BPI (Buena Mano) / BPI (Buena Mano) / My Saving Grace Realty & Development Corp,House,"Iloilo, Iloilo",Iloilo,8500000.0,,180.0,,,,https://www.google.com/maps/search/?api=1&query=Iloilo%2C+Iloilo%2C+Philippines,https://img.lamudi.com/eyJidWNrZXQiOiJwcmQtbGlmdWxsY29ubmVjdC1iYWNrZW5kLWIyYi1pbWFnZXMiLCJrZXkiOiJpbmdlc3Rlci8wMTljMDNhNi0zYmE5LTc2YWUtOWFlMS1mOTA0YWQxMzc0OGYvNzBkNDVjZTQ0OWVjYjdkZGY4OGQ3NDliNWQzYzViMDcyMGVhYTFjOGViYzU5MGYxMzZmNDE1MWU4Nzc2MDAxNy5wbmciLCJicmFuZCI6ImxhbXVkaSIsImVkaXRzIjp7InJvdGF0ZSI6bnVsbCwicmVzaXplIjp7IndpZHRoIjozMjAsImhlaWdodCI6MjQwLCJmaXQiOiJjb3ZlciJ9fX0=,https://www.lamudi.com.ph/property/41032-73-f904ad1374d8-3bf2-19c03ef-9b2a-76f7,,
lamudi,BPI (Buena Mano),Condominium,"Iloilo, Iloilo",Iloilo,9072000.0,,70.0,,,,https://www.google.com/maps/search/?api=1&query=Iloilo%2C+Iloilo%2C+Philippines,https://img.lamudi.com/eyJidWNrZXQiOiJwcmQtbGlmdWxsY29ubmVjdC1iYWNrZW5kLWIyYi1pbWFnZXMiLCJrZXkiOiJpbmdlc3Rlci8wMTlmMjZkOC1hYTJjLTc0NjQtODYyMC03MDZkNzZhYWIxNjUvMWY2YmEyYTNmZTg3ZDc1Yzc5OGZjMDg1NjVkM2JhZmViNmQyNDhkNTMyOGEyZjQ3YTVmMDY1OGYwYmFkMjliNi5wbmciLCJicmFuZCI6ImxhbXVkaSIsImVkaXRzIjp7InJvdGF0ZSI6bnVsbCwicmVzaXplIjp7IndpZHRoIjozMjAsImhlaWdodCI6MjQwLCJmaXQiOiJjb3ZlciJ9fX0=,https://www.lamudi.com.ph/property/41032-73-706d76aab1ae-aa75-19f2721-8669-74ad,,
lamudi,BPI (Buena Mano),Condominium,"Iloilo, Iloilo",Iloilo,11261300.0,,85.0,,,,https://www.google.com/maps/search/?api=1&query=Iloilo%2C+Iloilo%2C+Philippines,https://img.lamudi.com/eyJidWNrZXQiOiJwcmQtbGlmdWxsY29ubmVjdC1iYWNrZW5kLWIyYi1pbWFnZXMiLCJrZXkiOiJpbmdlc3Rlci8wMTlmMjZkOC1iMWZmLTc5ODAtYTViNC00YTliYzk0YzRkZWQvYjI4YzMyOWIzOTI5NDZkMDQ0ZDlhNjhhMzY1Mzk3MjliZTUzYjFkODgwYmFmNWY4ZDk1MjNhZjkyYTlhMmEzNC5wbmciLCJicmFuZCI6ImxhbXVkaSIsImVkaXRzIjp7InJvdGF0ZSI6bnVsbCwicmVzaXplIjp7IndpZHRoIjozMjAsImhlaWdodCI6MjQwLCJmaXQiOiJjb3ZlciJ9fX0=,https://www.lamudi.com.ph/property/41032-73-4a9bc94c4e36-b248-19f2721-a5fd-79c9,,
lamudi,BPI (Buena Mano),Lot,"Anilao, Iloilo",Iloilo,12350000.0,300000.0,,,,,https://www.google.com/maps/search/?api=1&query=Anilao%2C+Iloilo%2C+Philippines,https://img.lamudi.com/eyJidWNrZXQiOiJwcmQtbGlmdWxsY29ubmVjdC1iYWNrZW5kLWIyYi1pbWFnZXMiLCJrZXkiOiJpbmdlc3Rlci8wMTljMDM5NS03MDE5LTc4MzUtYjkxMi1hNGFiM2ZhNDM5ODkvYWFjMWZkNzcxNmE2NjNkZmQwNjNjMmM5NDFhOWQ0OWI5NjhiYjY5OWM4OTgwMWM4ZTBiNmFhZGZiY2YwYTNhOC5wbmciLCJicmFuZCI6ImxhbXVkaSIsImVkaXRzIjp7InJvdGF0ZSI6bnVsbCwicmVzaXplIjp7IndpZHRoIjozMjAsImhlaWdodCI6MjQwLCJmaXQiOiJjb3ZlciJ9fX0=,https://www.lamudi.com.ph/property/41032-73-a4ab3fa439d2-7062-19c03de-b95b-787e,,
lamudi,BDO,Lot,"Calinog, Iloilo",Iloilo,188682120.0,524117.0,,,,,https://www.google.com/maps/search/?api=1&query=Calinog%2C+Iloilo%2C+Philippines,https://img.lamudi.com/eyJidWNrZXQiOiJwcmQtbGlmdWxsY29ubmVjdC1iYWNrZW5kLWIyYi1pbWFnZXMiLCJrZXkiOiJpbmdlc3Rlci8wMTllOGMyOS0zY2Q0LTc4ODgtOTgyZS00ZDM2ZWJlYjQ0ZjEvZDUzYTk2YjQwZDc5Y2UyZWFjMzk3ZmNmYzAxZWQ4NGYzYjU2NjhmMDcyNjRlYTY4ODNkNzU4N2E0YzcwOTdhYi5wbmciLCJicmFuZCI6ImxhbXVkaSIsImVkaXRzIjp7InJvdGF0ZSI6bnVsbCwicmVzaXplIjp7IndpZHRoIjozMjAsImhlaWdodCI6MjQwLCJmaXQiOiJjb3ZlciJ9fX0=,https://www.lamudi.com.ph/property/41032-73-4d36ebeb453a-3d1d-19e8c72-9877-78d1,,
lamudi,BPI (Buena Mano) / Tilda Villanueva / Tilda Villanueva,Lot,"Iloilo, Iloilo",Iloilo,220000000.0,20000.0,,,,,https://www.google.com/maps/search/?api=1&query=Iloilo%2C+Iloilo%2C+Philippines,https://img.lamudi.com/eyJidWNrZXQiOiJwcmQtbGlmdWxsY29ubmVjdC1iYWNrZW5kLWIyYi1pbWFnZXMiLCJrZXkiOiJwcm9wZXJ0aWVzLzAxOWFlNzViLWJjMmQtN2YxNS1hYzBmLTBiYTFjMjU5NjlkNy8wMTlhZTc2My0zYmU5LTcwMzgtOWNjNi0wMmM2NmYwOTZjOTQuanBnIiwiYnJhbmQiOiJsYW11ZGkiLCJlZGl0cyI6eyJyb3RhdGUiOm51bGwsInJlc2l6ZSI6eyJ3aWR0aCI6MzIwLCJoZWlnaHQiOjI0MCwiZml0IjoiY292ZXIifX19,https://www.lamudi.com.ph/property/41032-73-ba1c2596a20-bc76-19ae7a4-ac58-7f5e,,
lamudi,BPI (Buena Mano),Lot,"Roxas, Capiz",Capiz,55250.0,50.0,,,,,https://www.google.com/maps/search/?api=1&query=Roxas%2C+Capiz%2C+Philippines,https://img.lamudi.com/eyJidWNrZXQiOiJwcmQtbGlmdWxsY29ubmVjdC1iYWNrZW5kLWIyYi1pbWFnZXMiLCJrZXkiOiJpbmdlc3Rlci8wMTljMDNiMy1hZTNhLTdkZmEtYjlhMS1mY2M1ODQ1NmY0ZDcvZThiODI1NjcwZDEyMzE3MTU3OWZhNDA0Yzc0NDJjMjdmZDc5ZDNmNzY1NjgxNjRmNTcyODMxNjQ4OTllOGU4MC5wbmciLCJicmFuZCI6ImxhbXVkaSIsImVkaXRzIjp7InJvdGF0ZSI6bnVsbCwicmVzaXplIjp7IndpZHRoIjozMjAsImhlaWdodCI6MjQwLCJmaXQiOiJjb3ZlciJ9fX0=,https://www.lamudi.com.ph/property/41032-73-fcc58456f520-ae83-19c03fc-b9ea-7e43,,
lamudi,BPI (Buena Mano),Lot,"Roxas, Capiz",Capiz,63750.0,50.0,,,,,https://www.google.com/maps/search/?api=1&query=Roxas%2C+Capiz%2C+Philippines,https://img.lamudi.com/eyJidWNrZXQiOiJwcmQtbGlmdWxsY29ubmVjdC1iYWNrZW5kLWIyYi1pbWFnZXMiLCJrZXkiOiJpbmdlc3Rlci8wMTljMDNiMy0wMzEyLTdjYWEtYjgyYy1jNmUxZmNmNmFkYzIvNjQ1MWVmMjJjMjk1NGM4NTg5MTZkNjQxZTk1YmEwMmE0NTc0YmJhOTM5NTVkYjYzOTFkYzMyZDJlMTVkODc4MC5wbmciLCJicmFuZCI6ImxhbXVkaSIsImVkaXRzIjp7InJvdGF0ZSI6bnVsbCwicmVzaXplIjp7IndpZHRoIjozMjAsImhlaWdodCI6MjQwLCJmaXQiOiJjb3ZlciJ9fX0=,https://www.lamudi.com.ph/property/41032-73-c6e1fcf6ae0b-35b-19c03fc-b875-7cf3,,
lamudi,BPI (Buena Mano),Lot,"Roxas, Capiz",Capiz,79170.0,58.0,,,,,https://www.google.com/maps/search/?api=1&query=Roxas%2C+Capiz%2C+Philippines,https://img.lamudi.com/eyJidWNrZXQiOiJwcmQtbGlmdWxsY29ubmVjdC1iYWNrZW5kLWIyYi1pbWFnZXMiLCJrZXkiOiJpbmdlc3Rlci8wMTljMDNiMi1kOTBkLTdkZmEtOWM0MC1kYjMwY2MxZThiYWYvN2I5MzU1NWY1MDg2NzVjMzA4ZGQyYmE3ZjQyYTc4Zjg5MGZlOTBlZTgwYWJkYjA2NGRkZjg2ZDhlZTExZDRjMC5wbmciLCJicmFuZCI6ImxhbXVkaSIsImVkaXRzIjp7InJvdGF0ZSI6bnVsbCwicmVzaXplIjp7IndpZHRoIjozMjAsImhlaWdodCI6MjQwLCJmaXQiOiJjb3ZlciJ9fX0=,https://www.lamudi.com.ph/property/41032-73-db30cc1e8bf8-d956-19c03fb-9c89-7e43,,
lamudi,BPI (Buena Mano),Lot,"Roxas, Capiz",Capiz,97200.0,85.0,,,,,https://www.google.com/maps/search/?api=1&query=Roxas%2C+Capiz%2C+Philippines,https://img.lamudi.com/eyJidWNrZXQiOiJwcmQtbGlmdWxsY29ubmVjdC1iYWNrZW5kLWIyYi1pbWFnZXMiLCJrZXkiOiJpbmdlc3Rlci8wMTlmMTc2YS1kYzUwLTc2MGMtYjZlYy0zZjdlMTc2OTc0MzgvNDBlYWM1OTRkMzk0ZTE5OTRiYTE1MzM3NDdkZDBmOGQ3MmQ4ZDk4OTJiMmM3ZjE2OTkxNWI3OGJmMWFkZDExNC5wbmciLCJicmFuZCI6ImxhbXVkaSIsImVkaXRzIjp7InJvdGF0ZSI6bnVsbCwicmVzaXplIjp7IndpZHRoIjozMjAsImhlaWdodCI6MjQwLCJmaXQiOiJjb3ZlciJ9fX0=,https://www.lamudi.com.ph/property/41032-73-3f7e17697481-dc99-19f17b3-b735-7655,,
lamudi,BPI (Buena Mano),Lot,"Roxas, Capiz",Capiz,104000.0,91.0,,,,,https://www.google.com/maps/search/?api=1&query=Roxas%2C+Capiz%2C+Philippines,https://img.lamudi.com/eyJidWNrZXQiOiJwcmQtbGlmdWxsY29ubmVjdC1iYWNrZW5kLWIyYi1pbWFnZXMiLCJrZXkiOiJpbmdlc3Rlci8wMTlmMTc2YS1iMDNhLTczYzktOWJjOC0yY2ZiZTU3ODRlMTMvNWJhNTdlYWM1ZWI5Y2YyMjAwM2UwZWJjZTg4NTI3YzQ1YzdjOWRmYjM0ZWUyNzA1MjJiMTViMmJiZjEzMmE3Yi5wbmciLCJicmFuZCI6ImxhbXVkaSIsImVkaXRzIjp7InJvdGF0ZSI6bnVsbCwicmVzaXplIjp7IndpZHRoIjozMjAsImhlaWdodCI6MjQwLCJmaXQiOiJjb3ZlciJ9fX0=,https://www.lamudi.com.ph/property/41032-73-2cfbe5784e5c-b083-19f17b3-9c11-7412,,
lamudi,BPI (Buena Mano),Lot,"Roxas, Capiz",Capiz,115500.0,101.0,,,,,https://www.google.com/maps/search/?api=1&query=Roxas%2C+Capiz%2C+Philippines,https://img.lamudi.com/eyJidWNrZXQiOiJwcmQtbGlmdWxsY29ubmVjdC1iYWNrZW5kLWIyYi1pbWFnZXMiLCJrZXkiOiJpbmdlc3Rlci8wMTlmMTc2YS1jM2JiLTczNTUtOTg2YS04NmQyNzIwZjMxNzAvMjFlZjE0YWM5NWEyNTkwOTg4NTNkOGQyNGM4YWYzOWE3Y2FkMTM1NWE1YjkwZWEyYzg3YmYwYjE3M2VmNDFkOC5wbmciLCJicmFuZCI6ImxhbXVkaSIsImVkaXRzIjp7InJvdGF0ZSI6bnVsbCwicmVzaXplIjp7IndpZHRoIjozMjAsImhlaWdodCI6MjQwLCJmaXQiOiJjb3ZlciJ9fX0=,https://www.lamudi.com.ph/property/41032-73-86d2720f31b9-c404-19f17b3-98b3-739e,,
lamudi,BPI (Buena Mano),Lot,"Roxas, Capiz",Capiz,123500.0,108.0,,,,,https://www.google.com/maps/search/?api=1&query=Roxas%2C+Capiz%2C+Philippines,https://img.lamudi.com/eyJidWNrZXQiOiJwcmQtbGlmdWxsY29ubmVjdC1iYWNrZW5kLWIyYi1pbWFnZXMiLCJrZXkiOiJpbmdlc3Rlci8wMTlmMTc2YS1jZWRhLTdiZmYtOGNjNC1lOTVlNzg1OGIyOTAvOWVhNTFlZWQ4Nzc4Mjc2NjUzNjYwNmI0MWJhMjgwYjM4NjUzNzg2YjY1YTZkNTdjOWQ3OWJlZjZiYjFkMmQ4Yi5wbmciLCJicmFuZCI6ImxhbXVkaSIsImVkaXRzIjp7InJvdGF0ZSI6bnVsbCwicmVzaXplIjp7IndpZHRoIjozMjAsImhlaWdodCI6MjQwLCJmaXQiOiJjb3ZlciJ9fX0=,https://www.lamudi.com.ph/property/41032-73-e95e7858b2d9-cf23-19f17b3-8d0d-7c48,,
lamudi,BPI (Buena Mano),Lot,"Roxas, Capiz",Capiz,161200.0,141.0,,,,,https://www.google.com/maps/search/?api=1&query=Roxas%2C+Capiz%2C+Philippines,https://img.lamudi.com/eyJidWNrZXQiOiJwcmQtbGlmdWxsY29ubmVjdC1iYWNrZW5kLWIyYi1pbWFnZXMiLCJrZXkiOiJpbmdlc3Rlci8wMTlmMTc2YS1iOWYzLTc0MDgtYTgyOC00M2M5ZjQyMDg3OTYvMmE4MTUxZDNmZTgxYTg2YzBjYzc3NmZhMDY2MTdiOTIzMzQ5MWRkNDdkNWZkNTUyMGVjODY5MTU5YzVjN2RkYy5wbmciLCJicmFuZCI6ImxhbXVkaSIsImVkaXRzIjp7InJvdGF0ZSI6bnVsbCwicmVzaXplIjp7IndpZHRoIjozMjAsImhlaWdodCI6MjQwLCJmaXQiOiJjb3ZlciJ9fX0=,https://www.lamudi.com.ph/property/41032-73-43c9f42087df-ba3c-19f17b3-a871-7451,,
lamudi,BPI (Buena Mano),Lot,"Roxas, Capiz",Capiz,170625.0,125.0,,,,,https://www.google.com/maps/search/?api=1&query=Roxas%2C+Capiz%2C+Philippines,https://img.lamudi.com/eyJidWNrZXQiOiJwcmQtbGlmdWxsY29ubmVjdC1iYWNrZW5kLWIyYi1pbWFnZXMiLCJrZXkiOiJpbmdlc3Rlci8wMTljMDNhZS0xZDQ4LTcwNjctYTE4OC1jNDliOTgyYWQ5MzkvZjJmOTVjZGMyYTEwMmU0YWI3ZDE2NjNhNGY3ZDNlNzFkOTRiZTY2MGM0NTdkZWI2OTZmYzBiNDJhOGQxOTMyYi5wbmciLCJicmFuZCI6ImxhbXVkaSIsImVkaXRzIjp7InJvdGF0ZSI6bnVsbCwicmVzaXplIjp7IndpZHRoIjozMjAsImhlaWdodCI6MjQwLCJmaXQiOiJjb3ZlciJ9fX0=,https://www.lamudi.com.ph/property/41032-73-c49b982ad982-1d91-19c03f7-a1d1-70b0,,
foreclosurephilippines,PDIC,Residential,"Panitan, Capiz",Capiz,211230.0,322.0,,,,,https://www.google.com/maps/search/?api=1&query=Panitan%2C+Capiz%2C+Philippines,https://www.foreclosurephilippines.com/wp-content/uploads/2026/08/pdic_55438-310x190.jpg,https://www.foreclosurephilippines.com/advert/pdic-foreclosed-residential-with-improvement-lot-2526-c-psd-06-021532-brgy-capagao-panitan-capiz-for-public-auction-occupied/,2026/08/27,
lamudi,BPI (Buena Mano),House,"Roxas, Capiz",Capiz,380380.0,,,,,,https://www.google.com/maps/search/?api=1&query=Roxas%2C+Capiz%2C+Philippines,https://img.lamudi.com/eyJidWNrZXQiOiJwcmQtbGlmdWxsY29ubmVjdC1iYWNrZW5kLWIyYi1pbWFnZXMiLCJrZXkiOiJpbmdlc3Rlci8wMTljMDNhMy04YmQzLTc2ZmEtYjc0Ny1jNjg4MzgxZGY3MTUvY2ZjMjBjOTNjZDdhYmRiMjhjZmE0YmQwN2M1MDJjYTM5ZDFjZmIyZTNhMTViMGE2OGY5YTI0MjdiNmQ5NGMzMC5wbmciLCJicmFuZCI6ImxhbXVkaSIsImVkaXRzIjp7InJvdGF0ZSI6bnVsbCwicmVzaXplIjp7IndpZHRoIjozMjAsImhlaWdodCI6MjQwLCJmaXQiOiJjb3ZlciJ9fX0=,https://www.lamudi.com.ph/property/41032-73-c688381df75e-8c1c-19c03ec-b790-7743,,
foreclosurephilippines,Unknown (foreclosurephilippines),,"Roxas City, Capiz",Capiz,420000.0,140.0,1.0,,,,https://www.google.com/maps/search/?api=1&query=Roxas+City%2C+Capiz%2C+Philippines,https://www.foreclosurephilippines.com/wp-content/uploads/2026/08/0289205_pic001-310x190.jpg,https://www.foreclosurephilippines.com/advert/foreclosed-vacant-lot-for-sale-in-roxas-city-capiz-an-0289205/,2026/08/22,
foreclosurephilippines,PDIC,Residential,"Cuartero, Capiz",Capiz,423500.0,346.0,,,,,https://www.google.com/maps/search/?api=1&query=Cuartero%2C+Capiz%2C+Philippines,https://www.foreclosurephilippines.com/wp-content/uploads/2026/08/pdic_55244-310x190.jpg,https://www.foreclosurephilippines.com/advert/pdic-foreclosed-residential-with-improvement-lot-2819-c-9-psd-06-00264-barangay-poblacion-cuartero-for-public-auction-on-february-26-2026/,2026/08/27,
foreclosurephilippines,Unknown (foreclosurephilippines),,"Roxas City, Capiz",Capiz,450000.0,150.0,1.0,,,,https://www.google.com/maps/search/?api=1&query=Roxas+City%2C+Capiz%2C+Philippines,https://www.foreclosurephilippines.com/wp-content/uploads/2026/08/0289172_pic001-310x190.jpg,https://www.foreclosurephilippines.com/advert/bfs-foreclosed-lot-only-at-blk-4-lot-2-alley-1-paragon-village-dinginan-roxas-city-capiz-occupied/,2026/08/22,
foreclosurephilippines,Unknown (foreclosurephilippines),,"Roxas City, Capiz",Capiz,490000.0,140.0,1.0,,,,https://www.google.com/maps/search/?api=1&query=Roxas+City%2C+Capiz%2C+Philippines,https://www.foreclosurephilippines.com/wp-content/uploads/2026/08/0039835_pic001-310x190.jpg,https://www.foreclosurephilippines.com/advert/foreclosed-vacant-lot-for-sale-in-roxas-city-capiz-an-0039835/,2026/08/22,
foreclosurephilippines,Unknown (foreclosurephilippines),,"Roxas City, Capiz",Capiz,515000.0,147.0,1.0,,,,https://www.google.com/maps/search/?api=1&query=Roxas+City%2C+Capiz%2C+Philippines,https://www.foreclosurephilippines.com/wp-content/uploads/2026/08/0045194_pic001-310x190.jpg,https://www.foreclosurephilippines.com/advert/foreclosed-vacant-lot-for-sale-in-roxas-city-capiz-an-0045194/,2026/08/22,
foreclosurephilippines,PDIC,Residential/Agricultural,"Sapian, Capiz",Capiz,515380.0,10737.0,,,,,https://www.google.com/maps/search/?api=1&query=Sapian%2C+Capiz%2C+Philippines,https://www.foreclosurephilippines.com/wp-content/uploads/2026/08/pdic_55326-310x190.jpg,https://www.foreclosurephilippines.com/advert/pdic-foreclosed-residential-agricultural-vacant-lot-lot-no-1375-cad-527-d-brgy-bilao-sapian-for-public-auction-on-february-26-2026/,2026/08/27,
foreclosurephilippines,Metrobank,Residential,"Dumalag, Capiz",Capiz,524000.0,26181.0,,,,,https://www.google.com/maps/search/?api=1&query=Dumalag%2C+Capiz%2C+Philippines,https://www.foreclosurephilippines.com/wp-content/uploads/2026/08/metrobank_45407-310x190.jpg,https://www.foreclosurephilippines.com/advert/metrobank-foreclosed-residential-with-improvement-lot-832-b-brgy-san-miguel-dumalag-capiz/,2026/08/18,
foreclosurephilippines,Unknown (foreclosurephilippines),,"Roxas City, Capiz",Capiz,525000.0,150.0,1.0,,,,https://www.google.com/maps/search/?api=1&query=Roxas+City%2C+Capiz%2C+Philippines,https://www.foreclosurephilippines.com/wp-content/uploads/2026/08/0065404_pic001-310x190.jpg,https://www.foreclosurephilippines.com/advert/foreclosed-vacant-lot-for-sale-in-roxas-city-capiz-an-0065404/,2026/08/22,
foreclosurephilippines,PDIC,Residential,"Ivisan, Capiz",Capiz,548860.0,256.0,,,,,https://www.google.com/maps/search/?api=1&query=Ivisan%2C+Capiz%2C+Philippines,https://www.foreclosurephilippines.com/wp-content/uploads/2026/08/pdic_55432-310x190.jpg,https://www.foreclosurephilippines.com/advert/pdic-foreclosed-residential-vacant-lot-lot-34-b-6psd-061905-030256-brgy-poblacion-norte-ivisan-capiz-for-public-auction/,2026/08/27,
foreclosurephilippines,Unknown (foreclosurephilippines),,"Roxas City, Capiz",Capiz,588000.0,147.0,1.0,,,,https://www.google.com/maps/search/?api=1&query=Roxas+City%2C+Capiz%2C+Philippines,https://www.foreclosurephilippines.com/wp-content/uploads/2026/08/0045187_pic001-310x190.jpg,https://www.foreclosurephilippines.com/advert/foreclosed-vacant-lot-for-sale-in-roxas-city-capiz-an-0045187/,2026/08/22,
foreclosurephilippines,PDIC,Residential,"Ivisan, Capiz",Capiz,598180.0,279.0,,,,,https://www.google.com/maps/search/?api=1&query=Ivisan%2C+Capiz%2C+Philippines,https://www.foreclosurephilippines.com/wp-content/uploads/2026/08/pdic_55429-310x190.jpg,https://www.foreclosurephilippines.com/advert/pdic-foreclosed-residential-vacant-lot-lot-34-b-5psd-061905-030256-brgy-poblacion-norte-ivisan-capiz-for-public-auction/,2026/08/27,
foreclosurephilippines,PDIC,Residential,"Roxas City, Capiz",Capiz,717950.0,260.0,,,,,https://www.google.com/maps/search/?api=1&query=Roxas+City%2C+Capiz%2C+Philippines,https://www.foreclosurephilippines.com/wp-content/uploads/2026/08/pdic_55435-310x190.jpg,https://www.foreclosurephilippines.com/advert/pdic-foreclosed-residential-vacant-lot-lot-no-1789-b-8-psd-06-031494-barangay-tiza-roxas-city-capiz-for-public-auction/,2026/08/27,
foreclosurephilippines,PDIC,Residential,"Roxas City, Capiz",Capiz,977920.0,434.0,,,,,https://www.google.com/maps/search/?api=1&query=Roxas+City%2C+Capiz%2C+Philippines,https://www.foreclosurephilippines.com/wp-content/uploads/2026/08/pdic_55504-310x190.jpg,https://www.foreclosurephilippines.com/advert/pdic-foreclosed-residential-vacant-lot-lot-no-1986-a-4-d-7-psd-06-012210-barangay-lawa-an-roxas-city-for-public-auction-on-february-26-2026/,2026/08/27,
foreclosurephilippines,Pag-IBIG,,"Roxas City, Capiz",Capiz,998800.0,227.0,,097-2023000463,,,https://www.google.com/maps/search/?api=1&query=Roxas+City%2C+Capiz%2C+Philippines,https://www.foreclosurephilippines.com/wp-content/uploads/2026/08/pagibig_fil5920240829017-310x190.jpg,https://www.foreclosurephilippines.com/advert/pag-ibig-ropa-858202207140001-lot-1454-f-4-dumolog-roxas-city-capiz-5800-negotiated-sale-on-aug-31-2026-sep-4-2026/,2026/08/23,BACOLOD BRANCH
foreclosurephilippines,Unknown (foreclosurephilippines),,"Panay, Capiz",Capiz,1064000.0,304.0,1.0,,,,https://www.google.com/maps/search/?api=1&query=Panay%2C+Capiz%2C+Philippines,https://www.foreclosurephilippines.com/wp-content/uploads/2026/08/0865062_pic001-310x190.jpg,https://www.foreclosurephilippines.com/advert/bfs-foreclosed-lot-only-at-blk-16-lot-9-road-lot-2-fuentes-subd-baybay-panay-capiz-occupied/,2026/08/22,
foreclosurephilippines,PDIC,Agricultural,"Roxas City, Capiz",Capiz,1159270.0,1567.0,,,,,https://www.google.com/maps/search/?api=1&query=Roxas+City%2C+Capiz%2C+Philippines,https://www.foreclosurephilippines.com/wp-content/uploads/2026/08/pdic_55909-310x190.jpg,https://www.foreclosurephilippines.com/advert/pdic-foreclosed-agricultural-vacant-lot-lot-1986-b-1-g-psd-06-021198-brgy-milibili-roxas-city-capiz-for-public-auction/,2026/08/27,
foreclosurephilippines,Pag-IBIG,,"Roxas City, Capiz",Capiz,1388400.0,178.0,,T-50554,,,https://www.google.com/maps/search/?api=1&query=Roxas+City%2C+Capiz%2C+Philippines,https://www.foreclosurephilippines.com/wp-content/uploads/2026/08/pagibig_fil5920250925007-310x190.jpg,https://www.foreclosurephilippines.com/advert/pag-ibig-ropa-858202504110001-lot-1-blk-11-cagay-roxas-city-capiz-5800-negotiated-sale-on-aug-31-2026-sep-4-2026/,2026/08/23,BACOLOD BRANCH
lamudi,My Saving Grace Realty & Development Corp,Lot,"Roxas, Capiz",Capiz,1770000.0,220.0,,,,,https://www.google.com/maps/search/?api=1&query=Roxas%2C+Capiz%2C+Philippines,https://img.lamudi.com/eyJidWNrZXQiOiJwcmQtbGlmdWxsY29ubmVjdC1iYWNrZW5kLWIyYi1pbWFnZXMiLCJrZXkiOiJpbmdlc3Rlci8wMTljNTYxMC1iZGJlLTdiYTEtOWIyZi1mZjc2NzZkMjRlMDQvYjYzNDgxOWIyNDEyZWZiZWI2ZjBhZDFjNjUwZDgzMDI3M2VmNjA0NmMxYjhkMzkzNWM1ZWUxMGZkOGU5M2ZhNC5qcGVnIiwiYnJhbmQiOiJsYW11ZGkiLCJlZGl0cyI6eyJyb3RhdGUiOm51bGwsInJlc2l6ZSI6eyJ3aWR0aCI6MzIwLCJoZWlnaHQiOjI0MCwiZml0IjoiY292ZXIifX19,https://www.lamudi.com.ph/property/41032-73-ff7676d24e4d-be07-19c5659-9b78-7bea,,
foreclosurephilippines,PDIC,Agricultural,"Dumalag, Capiz",Capiz,1827850.0,35151.0,,,,,https://www.google.com/maps/search/?api=1&query=Dumalag%2C+Capiz%2C+Philippines,https://www.foreclosurephilippines.com/wp-content/uploads/2026/08/pdic_55678-310x190.jpg,https://www.foreclosurephilippines.com/advert/pdic-foreclosed-agricultural-vacant-lot-lot-1698-f-psd-06-001351-sitio-lonoy-brgy-sta-cruz-dumalag-for-public-auction-on-february-26-2026/,2026/08/27,
foreclosurephilippines,PDIC,Residential,"Roxas City, Capiz",Capiz,1904260.0,783.0,,,,,https://www.google.com/maps/search/?api=1&query=Roxas+City%2C+Capiz%2C+Philippines,https://www.foreclosurephilippines.com/wp-content/uploads/2026/08/pdic_56688-310x190.jpg,https://www.foreclosurephilippines.com/advert/pdic-foreclosed-residential-vacant-lot-lot-no-1168-b-psd-297428-purok-3-brgy-dayao-roxas-city-capiz-for-public-auction/,2026/08/27,
lamudi,My Saving Grace Realty & Development Corp,House,"Roxas, Capiz",Capiz,3000000.0,,,,,,https://www.google.com/maps/search/?api=1&query=Roxas%2C+Capiz%2C+Philippines,https://img.lamudi.com/eyJidWNrZXQiOiJwcmQtbGlmdWxsY29ubmVjdC1iYWNrZW5kLWIyYi1pbWFnZXMiLCJrZXkiOiJpbmdlc3Rlci8wMTk3NmM0OS0xODE5LTcxMjEtODlhMS1hMGYxZDgzZWZkNjMvNDg1YzRlMTdkNWUwZTE3YmM3MGVmODViZjUzZDMzMjM2OGU2OTMyYWI4NDRmNDI1YzczMGFlNzMzZmQ4NGMzMy5qcGVnIiwiYnJhbmQiOiJsYW11ZGkiLCJlZGl0cyI6eyJyb3RhdGUiOm51bGwsInJlc2l6ZSI6eyJ3aWR0aCI6MzIwLCJoZWlnaHQiOjI0MCwiZml0IjoiY292ZXIifX19,https://www.lamudi.com.ph/property/41032-73-a0f1d83efdac-1862-1976c92-89ea-716a,,
lamudi,My Saving Grace Realty & Development Corp,House,"Roxas, Capiz",Capiz,3200000.0,,81.0,,,,https://www.google.com/maps/search/?api=1&query=Roxas%2C+Capiz%2C+Philippines,https://img.lamudi.com/eyJidWNrZXQiOiJwcmQtbGlmdWxsY29ubmVjdC1iYWNrZW5kLWIyYi1pbWFnZXMiLCJrZXkiOiJpbmdlc3Rlci8wMTljNTYxMC02NWUxLTcyNmYtOTA2ZC05OTA2ZDVhZGFkMmUvNGU3ODMyMjRkZDRlYzc3MTkzNDBiNDViMzdlZGY1NTczMzIzNzhkZmIxM2JjMDBhZDNiYWQ2MWVmZWQ4ODVlYS5qcGVnIiwiYnJhbmQiOiJsYW11ZGkiLCJlZGl0cyI6eyJyb3RhdGUiOm51bGwsInJlc2l6ZSI6eyJ3aWR0aCI6MzIwLCJoZWlnaHQiOjI0MCwiZml0IjoiY292ZXIifX19,https://www.lamudi.com.ph/property/41032-73-9906d5adad77-662a-19c5659-90b6-72b8,,
foreclosurephilippines,PDIC,Residential,"Roxas City, Capiz",Capiz,3860000.0,2000.0,,,,,https://www.google.com/maps/search/?api=1&query=Roxas+City%2C+Capiz%2C+Philippines,https://www.foreclosurephilippines.com/wp-content/uploads/2026/08/pdic_55921-310x190.jpg,https://www.foreclosurephilippines.com/advert/pdic-foreclosed-residential-with-improvement-lot-2012-c-2-f-psd-061914-025200-brgy-milibili-roxas-city-capiz-for-public-auction-occupied/,2026/08/27,
lamudi,My Saving Grace Realty & Development Corp,Lot,"Roxas, Capiz",Capiz,5000000.0,390.0,,,,,https://www.google.com/maps/search/?api=1&query=Roxas%2C+Capiz%2C+Philippines,https://img.lamudi.com/eyJidWNrZXQiOiJwcmQtbGlmdWxsY29ubmVjdC1iYWNrZW5kLWIyYi1pbWFnZXMiLCJrZXkiOiJpbmdlc3Rlci8wMTljNTYwOS04MzJkLTdhOTMtYTk1NS0zM2QxZGNjYWU2YTEvODRlZGE4OWFkNmNhMGY5Y2RmYjVhYzAzNTE4N2FlMjNjOWIyODY4Y2I0MmVhZThhNzViMjkyZmEyYTZkYWIzZS5qcGVnIiwiYnJhbmQiOiJsYW11ZGkiLCJlZGl0cyI6eyJyb3RhdGUiOm51bGwsInJlc2l6ZSI6eyJ3aWR0aCI6MzIwLCJoZWlnaHQiOjI0MCwiZml0IjoiY292ZXIifX19,https://www.lamudi.com.ph/property/41032-73-33d1dccae6ea-8376-19c5652-a99e-7adc,,
foreclosurephilippines,PDIC,Agricultural,"Jamindan, Capiz",Capiz,5120910.0,146714.0,,,,,https://www.google.com/maps/search/?api=1&query=Jamindan%2C+Capiz%2C+Philippines,https://www.foreclosurephilippines.com/wp-content/uploads/2026/08/pdic_57524-310x190.jpg,https://www.foreclosurephilippines.com/advert/pdic-foreclosed-agricultural-vacant-lot-lot-no-31-pls-238-brgy-pangabat-jamindan-capiz-for-public-auction/,2026/08/27,
lamudi,My Saving Grace Realty & Development Corp,House,"Roxas, Capiz",Capiz,5500000.0,,231.0,,,,https://www.google.com/maps/search/?api=1&query=Roxas%2C+Capiz%2C+Philippines,https://img.lamudi.com/eyJidWNrZXQiOiJwcmQtbGlmdWxsY29ubmVjdC1iYWNrZW5kLWIyYi1pbWFnZXMiLCJrZXkiOiJpbmdlc3Rlci8wMTljNTYxMC1jNDU4LTc1YzgtOGQ1Ni1iNDc2NzA4MjYzNWYvZTc3ODVlMGI2YzBkMmQ4MTFlOTBjNjJkYzhhOTg3MWFjN2ZiOWM1YTcxMDliZDNmNDQ2NGJjMGRlNzBkNDg4Yy5qcGVnIiwiYnJhbmQiOiJsYW11ZGkiLCJlZGl0cyI6eyJyb3RhdGUiOm51bGwsInJlc2l6ZSI6eyJ3aWR0aCI6MzIwLCJoZWlnaHQiOjI0MCwiZml0IjoiY292ZXIifX19,https://www.lamudi.com.ph/property/41032-73-b476708263a8-c4a1-19c5659-8d9f-7611,,
foreclosurephilippines,PDIC,Residential/Agricultural,"Sapian, Capiz",Capiz,7059140.0,65931.0,,,,,https://www.google.com/maps/search/?api=1&query=Sapian%2C+Capiz%2C+Philippines,https://www.foreclosurephilippines.com/wp-content/uploads/2026/08/pdic_52479-310x190.jpg,https://www.foreclosurephilippines.com/advert/pdic-acquired-asset-residential-agricultural-with-improvement-at-lot-no-2256-brgy-agtatacay-sur-sitio-bahay-sapian-capiz-for-negotiated-sale-occupied/,2026/08/27,
lamudi,My Saving Grace Realty & Development Corp,Lot,"Roxas, Capiz",Capiz,7500000.0,150.0,,,,,https://www.google.com/maps/search/?api=1&query=Roxas%2C+Capiz%2C+Philippines,https://img.lamudi.com/eyJidWNrZXQiOiJwcmQtbGlmdWxsY29ubmVjdC1iYWNrZW5kLWIyYi1pbWFnZXMiLCJrZXkiOiJpbmdlc3Rlci8wMTk3NmJmOC0yZDMwLTczMmQtOWUyMi1mMzk2MTA3M2E0YTQvYzYwNWE2NWU0MGJhMjI4OWZiNmVlNWMzNDZkYzQxYmQzMzk3NjNiYWMzMzUyNTUyOWY3ZjA5YThjODI1MTc2Yy5qcGVnIiwiYnJhbmQiOiJsYW11ZGkiLCJlZGl0cyI6eyJyb3RhdGUiOm51bGwsInJlc2l6ZSI6eyJ3aWR0aCI6MzIwLCJoZWlnaHQiOjI0MCwiZml0IjoiY292ZXIifX19,https://www.lamudi.com.ph/property/41032-73-f3961073a4ed-2d79-1976c41-9e6b-7376,,
foreclosurephilippines,Unknown (foreclosurephilippines),,"Jamindan, Capiz",Capiz,8360000.0,3929.0,,,,,https://www.google.com/maps/search/?api=1&query=Jamindan%2C+Capiz%2C+Philippines,https://www.foreclosurephilippines.com/wp-content/uploads/2026/08/pvb_hontiveros__noel_ian_089-2023000862_2-310x190.jpg,https://www.foreclosurephilippines.com/advert/philippine-veterans-bank-asset-lot-1593-a-8-provincial-road-barangay-esperanzajamindan-capiz/,2026/08/21,
foreclosurephilippines,Unknown (foreclosurephilippines),,"Tapaz, Capiz",Capiz,13684000.0,335638.0,,,,,https://www.google.com/maps/search/?api=1&query=Tapaz%2C+Capiz%2C+Philippines,https://www.foreclosurephilippines.com/wp-content/uploads/2026/08/pvb_brana__jessie_t-30064_2_lots_11-310x190.jpg,https://www.foreclosurephilippines.com/advert/philippine-veterans-bank-asset-lots-1-2-barangay-san-miguel-ilayatapaz-capiz/,2026/08/21,
lamudi,My Saving Grace Realty & Development Corp,Lot,"Pilar, Capiz",Capiz,20000000.0,14992.0,,,,,https://www.google.com/maps/search/?api=1&query=Pilar%2C+Capiz%2C+Philippines,https://img.lamudi.com/eyJidWNrZXQiOiJwcmQtbGlmdWxsY29ubmVjdC1iYWNrZW5kLWIyYi1pbWFnZXMiLCJrZXkiOiJpbmdlc3Rlci8wMTljNTYwOS04OTdkLTdhZDktYTQ2Yi04NjViMDI0MzE4NTYvNGYxNjA1NmM0YTI3YzgyOWEzMjUzNmZhMWFhYWRjNjg4OGViMDBmMTFjMTVkNDg4YTVmMTYzYTZmN2QzMTIxYS5qcGVnIiwiYnJhbmQiOiJsYW11ZGkiLCJlZGl0cyI6eyJyb3RhdGUiOm51bGwsInJlc2l6ZSI6eyJ3aWR0aCI6MzIwLCJoZWlnaHQiOjI0MCwiZml0IjoiY292ZXIifX19,https://www.lamudi.com.ph/property/41032-73-865b0243189f-89c6-19c5652-a4b4-7b22,,
foreclosurephilippines,Unknown (foreclosurephilippines),,"Roxas City, Capiz",Capiz,,199.0,,,,,https://www.google.com/maps/search/?api=1&query=Roxas+City%2C+Capiz%2C+Philippines,https://www.foreclosurephilippines.com/wp-content/uploads/2025/03/gsis-lwob-foreclosed-properties-for-lease-with-option-to-buy-listings-310x190.jpg,https://www.foreclosurephilippines.com/advert/gsis-lwob-acquired-asset-lot-only-at-b002-l005-malipayon-village-tiza-roxas-city-capiz-occupied/,2026/08/28,
foreclosurephilippines,PDIC,Agricultural,"Banga, Aklan",Aklan,90170.0,663.0,,,,,https://www.google.com/maps/search/?api=1&query=Banga%2C+Aklan%2C+Philippines,https://www.foreclosurephilippines.com/wp-content/uploads/2026/08/pdic_54673-310x190.jpg,https://www.foreclosurephilippines.com/advert/pdic-acquired-asset-agricultural-vacant-lot-at-lot-no-8212-sitio-balit-2-sigcay-banga-aklan-for-negotiated-sale/,2026/08/27,
foreclosurephilippines,PDIC,Agricultural,"Banga, Aklan",Aklan,264730.0,1151.0,,,,,https://www.google.com/maps/search/?api=1&query=Banga%2C+Aklan%2C+Philippines,https://www.foreclosurephilippines.com/wp-content/uploads/2026/08/pdic_52453-310x190.jpg,https://www.foreclosurephilippines.com/advert/pdic-acquired-asset-agricultural-vacant-lot-at-lot-no-608-brgy-cupang-banga-aklan-for-negotiated-sale/,2026/08/27,
foreclosurephilippines,PDIC,Agricultural,"Libacao, Aklan",Aklan,387840.0,12928.0,,,,,https://www.google.com/maps/search/?api=1&query=Libacao%2C+Aklan%2C+Philippines,https://www.foreclosurephilippines.com/wp-content/uploads/2026/08/pdic_52368-310x190.jpg,https://www.foreclosurephilippines.com/advert/pdic-acquired-asset-agricultural-vacant-lot-at-lot-no-154-pt-sitio-gotusan-barangay-ortega-libacao-aklan-for-negotiated-sale/,2026/08/27,
foreclosurephilippines,PDIC,Residential/Agricultural,"Nabas, Aklan",Aklan,409920.0,3660.0,,,,,https://www.google.com/maps/search/?api=1&query=Nabas%2C+Aklan%2C+Philippines,https://www.foreclosurephilippines.com/wp-content/uploads/2026/08/pdic_55949-310x190.jpg,https://www.foreclosurephilippines.com/advert/pdic-foreclosed-residential-agricultural-with-improvement-lot-no-629-pt-brgy-alimbo-baybay-nabas-aklan-for-public-auction-occupied/,2026/08/27,
foreclosurephilippines,PDIC,Agricultural,"Numancia, Aklan",Aklan,440140.0,1067.0,,,,,https://www.google.com/maps/search/?api=1&query=Numancia%2C+Aklan%2C+Philippines,https://www.foreclosurephilippines.com/wp-content/uploads/2026/08/pdic_52371-310x190.jpg,https://www.foreclosurephilippines.com/advert/pdic-foreclosed-agricultural-vacant-lot-lot-no-4727-barangay-camanci-sur-numancia-aklan-for-negotiated-sale/,2026/08/27,
foreclosurephilippines,PDIC,Agricultural,"Malay, Aklan",Aklan,447500.0,2009.0,,,,,https://www.google.com/maps/search/?api=1&query=Malay%2C+Aklan%2C+Philippines,https://www.foreclosurephilippines.com/wp-content/uploads/2026/08/pdic_53093-310x190.jpg,https://www.foreclosurephilippines.com/advert/pdic-acquired-asset-agricultural-vacant-lot-at-lot-no-2813-cad-704-d-barangay-napaan-malay-aklan-for-negotiated-sale/,2026/08/27,
foreclosurephilippines,PDIC,Agricultural,"Banga, Aklan",Aklan,447720.0,1845.0,,,,,https://www.google.com/maps/search/?api=1&query=Banga%2C+Aklan%2C+Philippines,https://www.foreclosurephilippines.com/wp-content/uploads/2026/08/pdic_43873-310x190.jpg,https://www.foreclosurephilippines.com/advert/pdic-foreclosed-agricultural-vacant-lot-lot-3413-brgy-ugsod-banga-aklan-for-public-auction/,2026/08/27,
foreclosurephilippines,PDIC,Agricultural,"Numancia, Aklan",Aklan,448000.0,1120.0,,,,,https://www.google.com/maps/search/?api=1&query=Numancia%2C+Aklan%2C+Philippines,https://www.foreclosurephilippines.com/wp-content/uploads/2026/08/pdic_53448-310x190.jpg,https://www.foreclosurephilippines.com/advert/pdic-acquired-asset-agricultural-vacant-lot-at-lot-no-6443-barangay-albasan-numancia-aklan-for-negotiated-sale/,2026/08/27,
foreclosurephilippines,PDIC,Agricultural,"Numancia, Aklan",Aklan,848000.0,2120.0,,,,,https://www.google.com/maps/search/?api=1&query=Numancia%2C+Aklan%2C+Philippines,https://www.foreclosurephilippines.com/wp-content/uploads/2026/08/pdic_53450-310x190.jpg,https://www.foreclosurephilippines.com/advert/pdic-acquired-asset-agricultural-vacant-lot-at-lot-no-6435-barangay-albasan-numancia-aklan-for-negotiated-sale/,2026/08/27,
foreclosurephilippines,PDIC,Residential/Agricultural,"New Washington, Aklan",Aklan,944460.0,792.0,,,,,https://www.google.com/maps/search/?api=1&query=New+Washington%2C+Aklan%2C+Philippines,https://www.foreclosurephilippines.com/wp-content/uploads/2026/08/pdic_53087-310x190.jpg,https://www.foreclosurephilippines.com/advert/pdic-acquired-asset-residential-agricultural-with-improvement-at-lot-no-10792-pt-brgy-poblacion-new-washington-aklan-for-negotiated-sale-occupied/,2026/08/27,
foreclosurephilippines,PDIC,Residential/Agricultural,"Batan, Aklan",Aklan,1000160.0,6251.0,,,,,https://www.google.com/maps/search/?api=1&query=Batan%2C+Aklan%2C+Philippines,https://www.foreclosurephilippines.com/wp-content/uploads/2026/08/pdic_51956-310x190.jpg,https://www.foreclosurephilippines.com/advert/pdic-acquired-asset-residential-agricultural-vacant-lot-at-lot-no-4739-sitio-baybay-brgy-ipil-batan-aklan-for-negotiated-sale/,2026/08/27,
foreclosurephilippines,PDIC,Agricultural,"Batan, Aklan",Aklan,1061000.0,10610.0,,,,,https://www.google.com/maps/search/?api=1&query=Batan%2C+Aklan%2C+Philippines,https://www.foreclosurephilippines.com/wp-content/uploads/2026/08/pdic_51765-310x190.jpg,https://www.foreclosurephilippines.com/advert/pdic-acquired-asset-agricultural-vacant-lot-at-lot-no-3593-brgy-angas-batan-aklan-for-negotiated-sale/,2026/08/27,
foreclosurephilippines,PDIC,Residential/Agricultural,"Makato, Aklan",Aklan,1135200.0,1650.0,,,,,https://www.google.com/maps/search/?api=1&query=Makato%2C+Aklan%2C+Philippines,https://www.foreclosurephilippines.com/wp-content/uploads/2026/08/pdic_53754-310x190.jpg,https://www.foreclosurephilippines.com/advert/pdic-acquired-asset-residential-agricultural-with-improvement-at-lot-no-4956-sitio-cawaling-brgy-tibiawan-makato-aklan-for-negotiated-sale-occupied/,2026/08/27,
foreclosurephilippines,PDIC,Agricultural,"Kalibo, Aklan",Aklan,1195680.0,2256.0,,,,,https://www.google.com/maps/search/?api=1&query=Kalibo%2C+Aklan%2C+Philippines,https://www.foreclosurephilippines.com/wp-content/uploads/2026/08/pdic_53094-310x190.jpg,https://www.foreclosurephilippines.com/advert/pdic-acquired-asset-agricultural-vacant-lot-at-lot-no-629-d-pt-brgy-linabuan-norte-kalibo-aklan-for-negotiated-sale/,2026/08/27,
foreclosurephilippines,PDIC,Residential,"Kalibo, Aklan",Aklan,1246880.0,750.0,,,,,https://www.google.com/maps/search/?api=1&query=Kalibo%2C+Aklan%2C+Philippines,https://www.foreclosurephilippines.com/wp-content/uploads/2026/08/pdic_51977-310x190.jpg,https://www.foreclosurephilippines.com/advert/pdic-foreclosed-residential-with-improvement-lot-no-600-brgy-linabuan-norte-kalibo-aklan-for-negotiated-sale-occupied/,2026/08/27,
foreclosurephilippines,PDIC,Agricultural,"Ibajay, Aklan",Aklan,1320000.0,27500.0,,,,,https://www.google.com/maps/search/?api=1&query=Ibajay%2C+Aklan%2C+Philippines,https://www.foreclosurephilippines.com/wp-content/uploads/2026/08/pdic_53441-310x190.jpg,https://www.foreclosurephilippines.com/advert/pdic-acquired-asset-agricultural-vacant-lot-at-lot-no-17626-pt-barangay-mabusao-ibajay-aklan-for-negotiated-sale/,2026/08/27,
foreclosurephilippines,PDIC,Agricultural,"Banga, Aklan",Aklan,1563030.0,17367.0,,,,,https://www.google.com/maps/search/?api=1&query=Banga%2C+Aklan%2C+Philippines,https://www.foreclosurephilippines.com/wp-content/uploads/2026/08/pdic_51987-310x190.jpg,https://www.foreclosurephilippines.com/advert/pdic-acquired-asset-agricultural-vacant-lot-at-lot-no-10201-sitio-panatangan-brgy-sibalew-banga-aklan-for-negotiated-sale/,2026/08/27,
foreclosurephilippines,PDIC,Residential/Agricultural,"Makato, Aklan",Aklan,1798000.0,2900.0,,,,,https://www.google.com/maps/search/?api=1&query=Makato%2C+Aklan%2C+Philippines,https://www.foreclosurephilippines.com/wp-content/uploads/2026/08/pdic_51953-310x190.jpg,https://www.foreclosurephilippines.com/advert/pdic-acquired-asset-residential-agricultural-with-improvement-at-lot-no-2356-brgy-cayangwan-makato-aklan-for-negotiated-sale-occupied/,2026/08/27,
foreclosurephilippines,Metrobank,Commercial,"Kalibo, Aklan",Aklan,2160000.0,72.0,,,,,https://www.google.com/maps/search/?api=1&query=Kalibo%2C+Aklan%2C+Philippines,https://www.foreclosurephilippines.com/wp-content/uploads/2026/08/metrobank_57823-310x190.jpg,https://www.foreclosurephilippines.com/advert/metrobank-foreclosed-commercial-vacant-lot-lot-2-c-roxas-avenue-poblacion-kalibo-aklan/,2026/08/18,
foreclosurephilippines,PDIC,Residential/Agricultural,"Balete, Aklan",Aklan,2617120.0,23792.0,,,,,https://www.google.com/maps/search/?api=1&query=Balete%2C+Aklan%2C+Philippines,https://www.foreclosurephilippines.com/wp-content/uploads/2026/08/pdic_53089-310x190.jpg,https://www.foreclosurephilippines.com/advert/pdic-acquired-asset-residential-agricultural-with-improvement-at-lot-no-1723-pt-brgy-arcangel-balete-aklan-for-negotiated-sale-2/,2026/08/27,
foreclosurephilippines,PDIC,Agricultural,"Nabas, Aklan",Aklan,2720920.0,7533.0,,,,,https://www.google.com/maps/search/?api=1&query=Nabas%2C+Aklan%2C+Philippines,https://www.foreclosurephilippines.com/wp-content/uploads/2026/08/pdic_53443-310x190.jpg,https://www.foreclosurephilippines.com/advert/pdic-acquired-asset-agricultural-vacant-lot-at-lot-no-3398-cad-758-d-barangay-buenafortuna-nabas-aklan-for-negotiated-sale/,2026/08/27,
foreclosurephilippines,Metrobank,,"Numancia, Aklan",Aklan,3676000.0,2315.0,160.0,,,,https://www.google.com/maps/search/?api=1&query=Numancia%2C+Aklan%2C+Philippines,https://www.foreclosurephilippines.com/wp-content/uploads/2026/08/metrobank_53045-310x190.jpg,https://www.foreclosurephilippines.com/advert/metrobank-foreclosed-residential-industrial-with-improvement-lot-7019-dongon-east-numancia-aklan/,2026/08/18,
foreclosurephilippines,PDIC,Residential/Agricultural,"Balete, Aklan",Aklan,3710360.0,22833.0,,,,,https://www.google.com/maps/search/?api=1&query=Balete%2C+Aklan%2C+Philippines,https://www.foreclosurephilippines.com/wp-content/uploads/2026/08/pdic_52153-310x190.jpg,https://www.foreclosurephilippines.com/advert/pdic-acquired-asset-residential-agricultural-with-improvement-at-lot-no-1363-pt-barangay-cortes-balete-aklan-for-negotiated-sale-occupied/,2026/08/27,
foreclosurephilippines,Metrobank,Residential,"Kalibo, Aklan",Aklan,3713000.0,150.0,166.75,,,,https://www.google.com/maps/search/?api=1&query=Kalibo%2C+Aklan%2C+Philippines,https://www.foreclosurephilippines.com/wp-content/uploads/2026/08/metrobank_51445-310x190.jpg,https://www.foreclosurephilippines.com/advert/metrobank-foreclosed-residential-with-improvement-lot-1-i-2-new-buswang-kalibo-aklan-occupied/,2026/08/18,
foreclosurephilippines,PDIC,Agricultural,"Nabas, Aklan",Aklan,3795000.0,8625.0,,,,,https://www.google.com/maps/search/?api=1&query=Nabas%2C+Aklan%2C+Philippines,https://www.foreclosurephilippines.com/wp-content/uploads/2026/08/pdic_55101-310x190.jpg,https://www.foreclosurephilippines.com/advert/pdic-foreclosed-agricultural-vacant-lot-lot-no-4448-along-sitio-agpusong-brgy-nagustan-nabas-for-public-auction-on-february-26-2026/,2026/08/27,
foreclosurephilippines,PDIC,Agricultural,"Libacao, Aklan",Aklan,3800000.0,380000.0,,,,,https://www.google.com/maps/search/?api=1&query=Libacao%2C+Aklan%2C+Philippines,https://www.foreclosurephilippines.com/wp-content/uploads/2026/08/pdic_44184-310x190.jpg,https://www.foreclosurephilippines.com/advert/pdic-acquired-asset-agricultural-vacant-lot-at-lot-a-52-brgy-rosal-libacao-aklan-for-negotiated-sale/,2026/08/27,
foreclosurephilippines,PDIC,Agricultural,"Tangalan, Aklan",Aklan,4846700.0,239343.0,,,,,https://www.google.com/maps/search/?api=1&query=Tangalan%2C+Aklan%2C+Philippines,https://www.foreclosurephilippines.com/wp-content/uploads/2026/08/pdic_52449-310x190.jpg,https://www.foreclosurephilippines.com/advert/pdic-acquired-asset-agricultural-vacant-lot-at-lot-no-3910-p-brgy-pudiot-tangalan-aklan-for-negotiated-sale/,2026/08/27,
lamudi,My Saving Grace Realty & Development Corp,Condominium,"Malay, Aklan",Aklan,9520000.0,,47.0,,,,https://www.google.com/maps/search/?api=1&query=Malay%2C+Aklan%2C+Philippines,https://img.lamudi.com/eyJidWNrZXQiOiJwcmQtbGlmdWxsY29ubmVjdC1iYWNrZW5kLWIyYi1pbWFnZXMiLCJrZXkiOiJpbmdlc3Rlci8wMTk3NmM0Mi02NDFlLTdjMGMtYWRmZS1kMDYzZGZhY2MwOWYvOGYwZjNmYTBiMzQyMTRjZTFkNWFlOWJiYWU1MGJiY2JkYzY1NDNlNThhY2NhMDY1NTNjNmYxZjg4ZTk3N2FhYS5qcGVnIiwiYnJhbmQiOiJsYW11ZGkiLCJlZGl0cyI6eyJyb3RhdGUiOm51bGwsInJlc2l6ZSI6eyJ3aWR0aCI6MzIwLCJoZWlnaHQiOjI0MCwiZml0IjoiY292ZXIifX19,https://www.lamudi.com.ph/property/41032-73-d063dfacc0e8-6467-1976c8b-ae47-7c55,,
foreclosurephilippines,Unknown (foreclosurephilippines),,"Libacao, Aklan",Aklan,10586000.0,11506.25,,,,,https://www.google.com/maps/search/?api=1&query=Libacao%2C+Aklan%2C+Philippines,https://www.foreclosurephilippines.com/wp-content/uploads/2022/06/bank-of-commerce-foreclosed-properties-2022-v1-310x190.jpg,https://www.foreclosurephilippines.com/advert/bank-of-commerce-foreclosed-property-residential-vacant-lot-in-lot-804-k-13-brgy-julita-libacao-aklan-updated-as-of-q2-2018/,2026/07/17,
foreclosurephilippines,Unknown (foreclosurephilippines),RESIDENTIAL,"Kalibo, Aklan",Aklan,17308200.0,2172.0,445.0,,,,https://www.google.com/maps/search/?api=1&query=Kalibo%2C+Aklan%2C+Philippines,https://www.foreclosurephilippines.com/wp-content/uploads/2026/08/r-2024002246-310x190.jpg,https://www.foreclosurephilippines.com/advert/foreclosed-residential-house-lot-lots-6488-and-6489-jaime-cardinal-sin-avenue-brgy-mabilo-kalibo-aklan-pending-consolidation-first-come-first-served-negotiated-sale/,2026/08/04,
lamudi,BDO,House,"Kalibo, Aklan",Aklan,17308200.0,,445.0,,,,https://www.google.com/maps/search/?api=1&query=Kalibo%2C+Aklan%2C+Philippines,https://img.lamudi.com/eyJidWNrZXQiOiJwcmQtbGlmdWxsY29ubmVjdC1iYWNrZW5kLWIyYi1pbWFnZXMiLCJrZXkiOiJpbmdlc3Rlci8wMTliOTdhMS01NGFmLTdiM2MtYmE1MS1iZTUyMjBlZmFmN2MvNmY0ZjJkNDlkZWQ2Y2IyZjY2Y2IxN2IzOTg3ZWEzMDkzMTFkZjFkNjBmMjNmZGEzMmNiZDM4MmRmZWI1ZjM4ZS5wbmciLCJicmFuZCI6ImxhbXVkaSIsImVkaXRzIjp7InJvdGF0ZSI6bnVsbCwicmVzaXplIjp7IndpZHRoIjozMjAsImhlaWdodCI6MjQwLCJmaXQiOiJjb3ZlciJ9fX0=,https://www.lamudi.com.ph/property/41032-73-be5220efafc5-54f8-19b97ea-ba9a-7b85,,
lamudi,DIAMOND LIFESTYLE REALTY BROKERAGE FIRM INC.,Condominium,"Malay, Aklan",Aklan,40000000.0,,260.0,,,,https://www.google.com/maps/search/?api=1&query=Malay%2C+Aklan%2C+Philippines,https://img.lamudi.com/eyJidWNrZXQiOiJwcmQtbGlmdWxsY29ubmVjdC1iYWNrZW5kLWIyYi1pbWFnZXMiLCJrZXkiOiJpbmdlc3Rlci8wMTk3NjNmMS05YTRlLTc3YTYtYjdlZS0yM2NlMjk5YmI0YjYvNzYzNTdmZTc4YWM1YTRiYmM4NTQ4ZTFiMzE4NTU2ODE2YzU1MjQyNDQyYjZlYThiMTVmYjFkM2NiODllYjZlMS5qcGVnIiwiYnJhbmQiOiJsYW11ZGkiLCJlZGl0cyI6eyJyb3RhdGUiOm51bGwsInJlc2l6ZSI6eyJ3aWR0aCI6MzIwLCJoZWlnaHQiOjI0MCwiZml0IjoiY292ZXIifX19,https://www.lamudi.com.ph/property/41032-73-23ce299bb4ff-9a97-197643a-b837-77ef,,
foreclosurephilippines,PDIC,Residential,"Libertad, Antique",Antique,332800.0,260.0,,,,,https://www.google.com/maps/search/?api=1&query=Libertad%2C+Antique%2C+Philippines,https://www.foreclosurephilippines.com/wp-content/uploads/2026/08/pdic_55572-310x190.jpg,https://www.foreclosurephilippines.com/advert/pdic-foreclosed-residential-with-improvement-lot-no-275-barangay-cubay-libertad-for-public-auction-on-february-26-2026/,2026/08/27,
foreclosurephilippines,PDIC,Agricultural,"Tibiao, Antique",Antique,537950.0,12994.0,,,,,https://www.google.com/maps/search/?api=1&query=Tibiao%2C+Antique%2C+Philippines,https://www.foreclosurephilippines.com/wp-content/uploads/2026/08/pdic_55645-310x190.jpg,https://www.foreclosurephilippines.com/advert/pdic-foreclosed-agricultural-vacant-lot-lot-no-10036-brgy-salazar-tibiao-antique-for-public-auction/,2026/08/27,
foreclosurephilippines,PDIC,Agricultural,"Bugasong, Antique",Antique,559650.0,2665.0,,,,,https://www.google.com/maps/search/?api=1&query=Bugasong%2C+Antique%2C+Philippines,https://www.foreclosurephilippines.com/wp-content/uploads/2026/08/pdic_52212-310x190.jpg,https://www.foreclosurephilippines.com/advert/pdic-foreclosed-agricultural-vacant-lot-lot-no-2666-case-8-cad-873-d-brgy-cubay-south-bugasong-antique-for-negotiated-sale/,2026/08/27,
foreclosurephilippines,PDIC,Residential/Agricultural,"Libertad, Antique",Antique,661500.0,2205.0,,,,,https://www.google.com/maps/search/?api=1&query=Libertad%2C+Antique%2C+Philippines,https://www.foreclosurephilippines.com/wp-content/uploads/2026/08/pdic_52157-310x190.jpg,https://www.foreclosurephilippines.com/advert/pdic-acquired-asset-residential-agricultural-with-improvement-at-lot-no-1936-barangay-san-roque-libertad-antique-for-negotiated-sale-occupied/,2026/08/27,
foreclosurephilippines,PDIC,Agricultural,"Bugasong, Antique",Antique,689010.0,4053.0,,,,,https://www.google.com/maps/search/?api=1&query=Bugasong%2C+Antique%2C+Philippines,https://www.foreclosurephilippines.com/wp-content/uploads/2026/08/pdic_52209-310x190.jpg,https://www.foreclosurephilippines.com/advert/pdic-foreclosed-agricultural-vacant-lot-lot-no-2600-case-8-cad-873-d-brgy-cubay-south-bugasong-antique-for-negotiated-sale/,2026/08/27,
foreclosurephilippines,PDIC,Residential,"Barbaza, Antique",Antique,700870.0,1007.0,,,,,https://www.google.com/maps/search/?api=1&query=Barbaza%2C+Antique%2C+Philippines,https://www.foreclosurephilippines.com/wp-content/uploads/2026/08/pdic_55863-310x190.jpg,https://www.foreclosurephilippines.com/advert/pdic-foreclosed-residential-vacant-lot-lot-no-2231-cad-818-d-c-24-brgy-capoyu-an-barbaza-antique-for-public-auction/,2026/08/27,
foreclosurephilippines,PDIC,Residential,"Barbaza, Antique",Antique,785090.0,1128.0,,,,,https://www.google.com/maps/search/?api=1&query=Barbaza%2C+Antique%2C+Philippines,https://www.foreclosurephilippines.com/wp-content/uploads/2026/08/pdic_55866-310x190.jpg,https://www.foreclosurephilippines.com/advert/pdic-foreclosed-residential-vacant-lot-lot-no-2232-cad-818-d-c-24-brgy-capoyu-an-barbaza-antique-for-public-auction/,2026/08/27,
foreclosurephilippines,Pag-IBIG,,"Sibalom, Antique",Antique,789000.0,263.0,,29321,,,https://www.google.com/maps/search/?api=1&query=Sibalom%2C+Antique%2C+Philippines,https://www.foreclosurephilippines.com/wp-content/uploads/2026/08/pagibig_fil5920251113004-310x190.jpg,https://www.foreclosurephilippines.com/advert/pag-ibig-ropa-858202509300004-lot-2-blk-2-individual-district-ii-pob-sibalom-antique-5713-1st-public-auction-on-aug-31-2026-sep-4-2026/,2026/08/23,BACOLOD BRANCH
foreclosurephilippines,PDIC,Residential,"Barbaza, Antique",Antique,982060.0,1411.0,,,,,https://www.google.com/maps/search/?api=1&query=Barbaza%2C+Antique%2C+Philippines,https://www.foreclosurephilippines.com/wp-content/uploads/2026/08/pdic_55871-310x190.jpg,https://www.foreclosurephilippines.com/advert/pdic-foreclosed-residential-with-improvement-lot-no-2233-cad-818-d-c-24-brgy-capoyu-an-barbaza-antique-for-public-auction-occupied/,2026/08/27,
foreclosurephilippines,PDIC,Agricultural,"Barbaza, Antique",Antique,1015220.0,6043.0,,,,,https://www.google.com/maps/search/?api=1&query=Barbaza%2C+Antique%2C+Philippines,https://www.foreclosurephilippines.com/wp-content/uploads/2026/08/pdic_56805-310x190.jpg,https://www.foreclosurephilippines.com/advert/pdic-foreclosed-agricultural-vacant-lot-lot-no-588-cad-818-d-c-4-brgy-binanu-an-barbaza-antique-for-negotiated-sale/,2026/08/27,
foreclosurephilippines,Unknown (foreclosurephilippines),Agricultural,"Patnongon, Antique",Antique,1075000.0,10747.0,,,,,https://www.google.com/maps/search/?api=1&query=Patnongon%2C+Antique%2C+Philippines,https://www.foreclosurephilippines.com/wp-content/uploads/2025/10/bsp-foreclosed-properties-2025-310x190.jpg,https://www.foreclosurephilippines.com/advert/bsp-foreclosed-agricultural-rice-land-at-lot-8184-brgy-salaguiawan-patnongon-antique-for-negotiated-sale-lot-area-10747-00-sqm/,2026/03/16,
foreclosurephilippines,Unknown (foreclosurephilippines),Residential,"Patnongon, Antique",Antique,1322000.0,440.0,,,,,https://www.google.com/maps/search/?api=1&query=Patnongon%2C+Antique%2C+Philippines,https://www.foreclosurephilippines.com/wp-content/uploads/2025/10/bsp-foreclosed-properties-2025-310x190.jpg,https://www.foreclosurephilippines.com/advert/bsp-foreclosed-residential-house-lot-at-lot-180-brgy-poblacion-patnongon-antique-for-negotiated-sale-lot-area-440-00-sqm/,2026/03/16,
foreclosurephilippines,Unknown (foreclosurephilippines),Residential,"Patnongon, Antique",Antique,1485000.0,409.0,,,,,https://www.google.com/maps/search/?api=1&query=Patnongon%2C+Antique%2C+Philippines,https://www.foreclosurephilippines.com/wp-content/uploads/2025/10/bsp-foreclosed-properties-2025-310x190.jpg,https://www.foreclosurephilippines.com/advert/bsp-foreclosed-residential-house-lot-at-lot-218-brgy-poblacion-patnongon-antique-for-negotiated-sale-lot-area-409-00-sqm/,2026/03/16,
foreclosurephilippines,Unknown (foreclosurephilippines),Residential,"San Remigio, Antique",Antique,1708000.0,1220.33,,,,,https://www.google.com/maps/search/?api=1&query=San+Remigio%2C+Antique%2C+Philippines,https://www.foreclosurephilippines.com/wp-content/uploads/2025/10/bsp-foreclosed-properties-2025-310x190.jpg,https://www.foreclosurephilippines.com/advert/bsp-foreclosed-residential-vacant-lot-at-lot-25-cabrillos-stpoblacion-san-remigio-antique-for-negotiated-sale-lot-area-1220-33-sqm/,2026/03/16,
foreclosurephilippines,Pag-IBIG,,"Belison, Antique",Antique,1864600.0,612.0,48.29,T-8633,,,https://www.google.com/maps/search/?api=1&query=Belison%2C+Antique%2C+Philippines,https://www.foreclosurephilippines.com/wp-content/uploads/2026/08/pagibig_fil5920260324037-310x190.jpg,https://www.foreclosurephilippines.com/advert/pag-ibig-ropa-858202602270017-lot-397-c-none-poblacion-belison-antique-5701-1st-public-auction-on-aug-31-2026-sep-4-2026/,2026/08/23,BACOLOD BRANCH
foreclosurephilippines,PDIC,Residential/Agricultural,"Patnongon, Antique",Antique,2347630.0,2318.0,,,,,https://www.google.com/maps/search/?api=1&query=Patnongon%2C+Antique%2C+Philippines,https://www.foreclosurephilippines.com/wp-content/uploads/2026/08/pdic_56194-310x190.jpg,https://www.foreclosurephilippines.com/advert/pdic-foreclosed-residential-agricultural-vacant-lot-lot-3069-c-1-psd-06-06-8374-brgy-magsaysay-patnongon-antique-for-negotiated-sale/,2026/08/27,
foreclosurephilippines,Unknown (foreclosurephilippines),Agricultural,"Patnongon, Antique",Antique,2778000.0,27780.0,,,,,https://www.google.com/maps/search/?api=1&query=Patnongon%2C+Antique%2C+Philippines,https://www.foreclosurephilippines.com/wp-content/uploads/2025/10/bsp-foreclosed-properties-2025-310x190.jpg,https://www.foreclosurephilippines.com/advert/bsp-foreclosed-agricultural-rice-land-at-lot-8197-brgy-salaguiawan-patnongon-antique-for-negotiated-sale-lot-area-27780-00-sqm/,2026/03/16,
foreclosurephilippines,Unknown (foreclosurephilippines),Residential,"Belison, Antique",Antique,3368000.0,436.0,30.0,,,,https://www.google.com/maps/search/?api=1&query=Belison%2C+Antique%2C+Philippines,https://www.foreclosurephilippines.com/wp-content/uploads/2025/10/bsp-foreclosed-properties-2025-310x190.jpg,https://www.foreclosurephilippines.com/advert/bsp-foreclosed-residential-house-floor-area-30-00-sqm-4/,2026/03/16,
foreclosurephilippines,Unknown (foreclosurephilippines),,"Hamtic, Antique",Antique,4911000.0,76940.0,,,,,https://www.google.com/maps/search/?api=1&query=Hamtic%2C+Antique%2C+Philippines,https://www.foreclosurephilippines.com/wp-content/uploads/2026/08/pvb_silava__zosimoluisa_t-23213_2-310x190.jpg,https://www.foreclosurephilippines.com/advert/philippine-veterans-bank-asset-lot-8490-barangay-buhang-hamtic-antique/,2026/08/21,
foreclosurephilippines,PDIC,Residential/Agricultural,"Tibiao, Antique",Antique,5705730.0,101888.0,,,,,https://www.google.com/maps/search/?api=1&query=Tibiao%2C+Antique%2C+Philippines,https://www.foreclosurephilippines.com/wp-content/uploads/2026/08/pdic_56714-310x190.jpg,https://www.foreclosurephilippines.com/advert/pdic-foreclosed-residential-agricultural-with-improvement-lot-10144-cad-743-d-brgy-salazar-tibiao-antique-for-public-auction-occupied/,2026/08/27,
foreclosurephilippines,Unknown (foreclosurephilippines),,"Sibalom, Antique",Antique,7753000.0,235096.0,,,,,https://www.google.com/maps/search/?api=1&query=Sibalom%2C+Antique%2C+Philippines,https://www.foreclosurephilippines.com/wp-content/uploads/2026/08/pvb_villagracia__manuel_n-661_2-310x190.jpg,https://www.foreclosurephilippines.com/advert/philippine-veterans-bank-asset-h-114453cad-lot-no-8829-barangay-inabasansibalom-antique/,2026/08/21,
foreclosurephilippines,Unknown (foreclosurephilippines),Agricultural,"Patnongon, Antique",Antique,7761500.0,18707.0,,,,,https://www.google.com/maps/search/?api=1&query=Patnongon%2C+Antique%2C+Philippines,https://www.foreclosurephilippines.com/wp-content/uploads/2025/10/bsp-foreclosed-properties-2025-310x190.jpg,https://www.foreclosurephilippines.com/advert/bsp-foreclosed-agricultural-rice-land-at-lot-68cuyapiao-patnongon-antique-for-negotiated-sale/,2026/03/16,
foreclosurephilippines,Unknown (foreclosurephilippines),,"Sibalom, Antique",Antique,14800000.0,154759.0,,,,,https://www.google.com/maps/search/?api=1&query=Sibalom%2C+Antique%2C+Philippines,https://www.foreclosurephilippines.com/wp-content/uploads/2026/08/pvb_alvior__bonifacio_t-23552-310x190.jpg,https://www.foreclosurephilippines.com/advert/philippine-veterans-bank-asset-lot-8288-barangay-cabladansibalom-antique/,2026/08/21,
foreclosurephilippines,PDIC,Agricultural,"Sibunag, Guimaras",Guimaras,627170.0,5547.0,,,,,https://www.google.com/maps/search/?api=1&query=Sibunag%2C+Guimaras%2C+Philippines,https://www.foreclosurephilippines.com/wp-content/uploads/2026/08/pdic_56926-310x190.jpg,https://www.foreclosurephilippines.com/advert/pdic-foreclosed-agricultural-vacant-lot-lot-3613-psc-40-case-3-jordan-cad-brgy-ayangan-sibunag-guimaras-for-public-auction/,2026/08/27,
foreclosurephilippines,PDIC,Residential,"Nueva Valencia, Guimaras",Guimaras,717260.0,586.0,,,,,https://www.google.com/maps/search/?api=1&query=Nueva+Valencia%2C+Guimaras%2C+Philippines,https://www.foreclosurephilippines.com/wp-content/uploads/2026/08/pdic_55845-310x190.jpg,https://www.foreclosurephilippines.com/advert/pdic-foreclosed-residential-with-improvement-lot-no-5151-f-psd-063033-026055-brgy-poblacion-nueva-valencia-guimaras-for-public-auction-occupied/,2026/08/27,
foreclosurephilippines,PDIC,Agricultural,"Nueva Valencia, Guimaras",Guimaras,724190.0,6466.0,,,,,https://www.google.com/maps/search/?api=1&query=Nueva+Valencia%2C+Guimaras%2C+Philippines,https://www.foreclosurephilippines.com/wp-content/uploads/2026/08/pdic_55314-310x190.jpg,https://www.foreclosurephilippines.com/advert/pdic-foreclosed-agricultural-vacant-lot-lot-4052-psd-775-barangay-canhawan-nueva-valencia-for-public-auction-on-february-26-2026/,2026/08/27,
foreclosurephilippines,PDIC,Residential/Agricultural,"Buenavista, Guimaras",Guimaras,990000.0,15000.0,,,,,https://www.google.com/maps/search/?api=1&query=Buenavista%2C+Guimaras%2C+Philippines,https://www.foreclosurephilippines.com/wp-content/uploads/2026/08/pdic_55316-310x190.jpg,https://www.foreclosurephilippines.com/advert/pdic-foreclosed-residential-agricultural-vacant-lot-lot-2-b-psd-06-031244-sitio-sinapsapan-barangay-east-valencia-buenavista-for-public-auction-on-february-26-2026/,2026/08/27,
foreclosurephilippines,PDIC,Residential,"Nueva Valencia, Guimaras",Guimaras,1059190.0,939.0,,,,,https://www.google.com/maps/search/?api=1&query=Nueva+Valencia%2C+Guimaras%2C+Philippines,https://www.foreclosurephilippines.com/wp-content/uploads/2026/08/pdic_56206-310x190.jpg,https://www.foreclosurephilippines.com/advert/pdic-foreclosed-residential-with-improvement-lot-400-gss-063033-000024-brgy-poblacion-nueva-valencia-guimaras-for-public-auction-occupied/,2026/08/27,
foreclosurephilippines,PDIC,Residential,"Nueva Valencia, Guimaras",Guimaras,1344000.0,1245.0,,,,,https://www.google.com/maps/search/?api=1&query=Nueva+Valencia%2C+Guimaras%2C+Philippines,https://www.foreclosurephilippines.com/wp-content/uploads/2026/08/pdic_55425-310x190.jpg,https://www.foreclosurephilippines.com/advert/pdic-foreclosed-residential-vacant-lot-lot-532-h-7-psd-06-035974-brgy-concordia-nueva-valencia-for-public-auction-on-february-26-2026/,2026/08/27,
foreclosurephilippines,PDIC,Agricultural,"Nueva Valencia, Guimaras",Guimaras,1755600.0,15675.0,,,,,https://www.google.com/maps/search/?api=1&query=Nueva+Valencia%2C+Guimaras%2C+Philippines,https://www.foreclosurephilippines.com/wp-content/uploads/2026/08/pdic_56197-310x190.jpg,https://www.foreclosurephilippines.com/advert/pdic-foreclosed-agricultural-vacant-lot-lot-3777-pls-775-brgy-cabalagnon-nueva-valencia-guimaras-for-negotiated-sale/,2026/08/27,
foreclosurephilippines,PDIC,Agricultural,"Nueva Valencia, Guimaras",Guimaras,2000530.0,16256.0,,,,,https://www.google.com/maps/search/?api=1&query=Nueva+Valencia%2C+Guimaras%2C+Philippines,https://www.foreclosurephilippines.com/wp-content/uploads/2026/08/pdic_56200-310x190.jpg,https://www.foreclosurephilippines.com/advert/pdic-foreclosed-agricultural-vacant-lot-lot-4256-pls-775-case-4-brgy-canhawan-nueva-valencia-guimaras-for-negotiated-sale/,2026/08/27,
foreclosurephilippines,PDIC,Residential/Agricultural,"Nueva Valencia, Guimaras",Guimaras,2216520.0,13100.0,,,,,https://www.google.com/maps/search/?api=1&query=Nueva+Valencia%2C+Guimaras%2C+Philippines,https://www.foreclosurephilippines.com/wp-content/uploads/2026/08/pdic_55913-310x190.jpg,https://www.foreclosurephilippines.com/advert/pdic-foreclosed-residential-agricultural-with-improvement-lot-2142-pls-775-brgy-napandong-nueva-valencia-guimaras-for-public-auction-occupied/,2026/08/27,
foreclosurephilippines,PDIC,Agricultural,"San Lorenzo, Guimaras",Guimaras,2753090.0,48131.0,,,,,https://www.google.com/maps/search/?api=1&query=San+Lorenzo%2C+Guimaras%2C+Philippines,https://www.foreclosurephilippines.com/wp-content/uploads/2026/08/pdic_56217-310x190.jpg,https://www.foreclosurephilippines.com/advert/pdic-foreclosed-agricultural-vacant-lot-lot-4700-bpsd-06-043391-barangay-sapal-san-lorenzo-guimaras-for-public-auction/,2026/08/27,
foreclosurephilippines,PDIC,Agricultural,"San Lorenzo, Guimaras",Guimaras,2860000.0,98131.0,,,,,https://www.google.com/maps/search/?api=1&query=San+Lorenzo%2C+Guimaras%2C+Philippines,https://www.foreclosurephilippines.com/wp-content/uploads/2026/08/pdic_56215-310x190.jpg,https://www.foreclosurephilippines.com/advert/pdic-foreclosed-agricultural-vacant-lot-lot-4700-a-psu-175916-barangay-sapal-san-lorenzo-guimaras-for-negotiated-sale/,2026/08/27,
foreclosurephilippines,PDIC,Agricultural,"Buenavista, Guimaras",Guimaras,3750000.0,50000.0,,,,,https://www.google.com/maps/search/?api=1&query=Buenavista%2C+Guimaras%2C+Philippines,https://www.foreclosurephilippines.com/wp-content/uploads/2026/08/pdic_55427-310x190.jpg,https://www.foreclosurephilippines.com/advert/pdic-foreclosed-agricultural-vacant-lot-lot-533-b-psd-06-039334-brgy-salvacion-buenavista-for-public-auction-on-february-26-2026/,2026/08/27,
foreclosurephilippines,PDIC,Agricultural,"Jordan, Guimaras",Guimaras,4116440.0,30033.0,,,,,https://www.google.com/maps/search/?api=1&query=Jordan%2C+Guimaras%2C+Philippines,https://www.foreclosurephilippines.com/wp-content/uploads/2026/08/pdic_55672-310x190.jpg,https://www.foreclosurephilippines.com/advert/pdic-foreclosed-agricultural-with-improvement-lot-no-453-a-psd-060-401455-ar-brgy-poblacion-jordan-for-public-auction-on-february-26-2026/,2026/08/27,
foreclosurephilippines,PDIC,Residential,"Buenavista, Guimaras",Guimaras,4245170.0,2998.0,,,,,https://www.google.com/maps/search/?api=1&query=Buenavista%2C+Guimaras%2C+Philippines,https://www.foreclosurephilippines.com/wp-content/uploads/2026/08/pdic_55676-310x190.jpg,https://www.foreclosurephilippines.com/advert/pdic-foreclosed-residential-vacant-lot-lot-793-a-brgy-san-isidro-buenavista-for-public-auction-on-february-26-2026/,2026/08/27,
foreclosurephilippines,PDIC,Residential/Agricultural,"Nueva Valencia, Guimaras",Guimaras,4702370.0,44530.0,,,,,https://www.google.com/maps/search/?api=1&query=Nueva+Valencia%2C+Guimaras%2C+Philippines,https://www.foreclosurephilippines.com/wp-content/uploads/2026/08/pdic_55910-310x190.jpg,https://www.foreclosurephilippines.com/advert/pdic-foreclosed-residential-agricultural-with-improvement-lot-4666-pls-775-brgy-san-antonio-nueva-valencia-guimaras-for-public-auction/,2026/08/27,
